UniqueID,TaxonomicGroup,YearPublished,Kingdom,verbatimScientificName,scientificName,gbifapi_species,vernacularname,RLCAsPublished,RLC,RLCEurope,Criteria,Reference,license,rightsHolder,accessRights,datasetName,locationID,locality,countryCode,occurrencestatus,threadStatus,RLC code Translated term,gbifapi_matchType,gbifapi_usageKey
INBO:RL:NONVAL:AMP:1996:8,Amphibians,1996,Animalia,Rana esculenta synklepton,"Pelophylax esculentus (Linnaeus, 1758)",,Groene kikker,Momenteel niet bedreigd,LC,LC,Regional,BauwensClaus_1996,http://creativecommons.org/publicdomain/zero/1.0/,INBO,http://www.inbo.be/en/norms-for-data-use,UnValidated Red Lists of Flanders,http://marineregions.org/mrgid/2469,Flanders,BE,present,Least Concern (LC),Least Concern (LC) / LC,NONE_done,
INBO:RL:NONVAL:ANT:2013:39,Ants,2003,Animalia,Formica rufa x polyctena,,,hybride van Formica rufa-complex,Bedreigd maar mate waarin ongekend,DD(PT),,Regional,Dekoninck_etal_2003,http://creativecommons.org/publicdomain/zero/1.0/,INBO,http://www.inbo.be/en/norms-for-data-use,UnValidated Red Lists of Flanders,http://marineregions.org/mrgid/2469,Flanders,BE,present,Endangered (EN) uncertain rate,Endangered (EN) uncertain rate / DD(PT),NONE_done,
INBO:RL:NONVAL:ANT:2013:80,Ants,2003,Animalia,Stenamma westwoodi,Stenamma westwoodii,Stenamma westwoodii,Engelse drentelmier,Bedreigd maar mate waarin ongekend,DD(PT),,Regional,Dekoninck_etal_2003,http://creativecommons.org/publicdomain/zero/1.0/,INBO,http://www.inbo.be/en/norms-for-data-use,UnValidated Red Lists of Flanders,http://marineregions.org/mrgid/2469,Flanders,BE,present,Endangered (EN) uncertain rate,Endangered (EN) uncertain rate / DD(PT),FUZZY_done,1316667
INBO:RL:NONVAL:BIR:1999:145,BreedingBirds,1999,Animalia,Saxicola torquata,Saxicola torquatus,Saxicola torquatus,Roodborsttapuit,Bedreigd,EN,LC,ExpertJudgement,DevosAnselin_1999,http://creativecommons.org/publicdomain/zero/1.0/,INBO,http://www.inbo.be/en/norms-for-data-use,UnValidated Red Lists of Flanders,http://marineregions.org/mrgid/2469,Flanders,BE,present,Endangered (EN),Endangered (EN) / EN,FUZZY_done,2492526
INBO:RL:NONVAL:CAR:1995:1012,CarabidBeetles,1995,Animalia,Masoreus wetterhali,Masoreus wetterhallii,Masoreus wetterhallii,Duinloper,Zeldzaam,NT,,Regional,Desender_etal_1995,http://creativecommons.org/publicdomain/zero/1.0/,INBO,http://www.inbo.be/en/norms-for-data-use,UnValidated Red Lists of Flanders,http://marineregions.org/mrgid/2469,Flanders,BE,present,Near Threatened (NT),Near Threatened (NT) / NT,FUZZY_done,4471202
INBO:RL:NONVAL:CAR:1995:1052,CarabidBeetles,1995,Animalia,Pterostichus longicollis,"Pterostichus longicollis (Duftschmid, 1812)",,Langnekzwartschild,Uitgestorven in Vlaanderen,RE,,Regional,Desender_etal_1995,http://creativecommons.org/publicdomain/zero/1.0/,INBO,http://www.inbo.be/en/norms-for-data-use,UnValidated Red Lists of Flanders,http://marineregions.org/mrgid/2469,Flanders,BE,present,Regionally Extinct (RE) in Flanders,Regionally Extinct (RE) in Flanders / RE,NONE Multiple equal matches for Pterostichus longicollis,
INBO:RL:NONVAL:CAR:1995:1076,CarabidBeetles,1995,Animalia,Tachys parvulus,Elaphropus parvulus,,Zwart knotje,Zeldzaam,NT,,Regional,Desender_etal_1995,http://creativecommons.org/publicdomain/zero/1.0/,INBO,http://www.inbo.be/en/norms-for-data-use,UnValidated Red Lists of Flanders,http://marineregions.org/mrgid/2469,Flanders,BE,present,Near Threatened (NT),Near Threatened (NT) / NT,NONE_done,
INBO:RL:NONVAL:CAR:1995:1077,CarabidBeetles,1995,Animalia,Tachys quadrisignatus,"Elaphropus quadrisignatus
",,Viervlekknotje,Waarschijnlijk bedreigd,DD(PT),,Regional,Desender_etal_1995,http://creativecommons.org/publicdomain/zero/1.0/,INBO,http://www.inbo.be/en/norms-for-data-use,UnValidated Red Lists of Flanders,http://marineregions.org/mrgid/2469,Flanders,BE,present,Probably Endangered,Probably Endangered / DD(PT),NONE_done,
INBO:RL:NONVAL:CAR:1995:739,CarabidBeetles,1995,Animalia,Agonum dorsale,Anchomenus dorsalis,,Akkersnelloper,Momenteel niet bedreigd,LC,,Regional,Desender_etal_1995,http://creativecommons.org/publicdomain/zero/1.0/,INBO,http://www.inbo.be/en/norms-for-data-use,UnValidated Red Lists of Flanders,http://marineregions.org/mrgid/2469,Flanders,BE,present,Least Concern (LC),Least Concern (LC) / LC,NONE_done,
INBO:RL:NONVAL:CAR:1995:751,CarabidBeetles,1995,Animalia,Agonum obscurum,Oxypselaphus obscurus,,Smalhalssnelloper,Momenteel niet bedreigd,LC,,Regional,Desender_etal_1995,http://creativecommons.org/publicdomain/zero/1.0/,INBO,http://www.inbo.be/en/norms-for-data-use,UnValidated Red Lists of Flanders,http://marineregions.org/mrgid/2469,Flanders,BE,present,Least Concern (LC),Least Concern (LC) / LC,NONE Multiple equal matches for Agonum obscurum,
INBO:RL:NONVAL:CAR:1995:814,CarabidBeetles,1995,Animalia,Bembidion atrocoeruleum,"Bembidion atrocaeruleum
",,Blauwe priemkever,Uitgestorven in Vlaanderen,RE,,Regional,Desender_etal_1995,http://creativecommons.org/publicdomain/zero/1.0/,INBO,http://www.inbo.be/en/norms-for-data-use,UnValidated Red Lists of Flanders,http://marineregions.org/mrgid/2469,Flanders,BE,present,Regionally Extinct (RE) in Flanders,Regionally Extinct (RE) in Flanders / RE,NONE_done,
INBO:RL:NONVAL:CAR:1995:818,CarabidBeetles,1995,Animalia,Bembidion clarki,Bembidion clarkii,Bembidion clarkii,Atlantische priemkever,Zeldzaam,NT,,Regional,Desender_etal_1995,http://creativecommons.org/publicdomain/zero/1.0/,INBO,http://www.inbo.be/en/norms-for-data-use,UnValidated Red Lists of Flanders,http://marineregions.org/mrgid/2469,Flanders,BE,present,Near Threatened (NT),Near Threatened (NT) / NT,FUZZY_done,8047965
INBO:RL:NONVAL:CAR:1995:839,CarabidBeetles,1995,Animalia,Bembidion mannerheimi,Bembidion mannerheimii,Bembidion mannerheimii,Moerasbospriemkever,Momenteel niet bedreigd,LC,,Regional,Desender_etal_1995,http://creativecommons.org/publicdomain/zero/1.0/,INBO,http://www.inbo.be/en/norms-for-data-use,UnValidated Red Lists of Flanders,http://marineregions.org/mrgid/2469,Flanders,BE,present,Least Concern (LC),Least Concern (LC) / LC,FUZZY_done,6097867
INBO:RL:NONVAL:CAR:1995:840,CarabidBeetles,1995,Animalia,Bembidion maritimum,"Bembidion maritimum (Motschulsky, 1850)",,Brakwaterpriemkever,Bedreigd,EN,,Regional,Desender_etal_1995,http://creativecommons.org/publicdomain/zero/1.0/,INBO,http://www.inbo.be/en/norms-for-data-use,UnValidated Red Lists of Flanders,http://marineregions.org/mrgid/2469,Flanders,BE,present,Endangered (EN),Endangered (EN) / EN,NONE Multiple equal matches for Bembidion maritimum,
INBO:RL:NONVAL:CAR:1995:855,CarabidBeetles,1995,Animalia,Bembidion quinquestriatum,Ocys quinquestriatus,,Muurpriemkever,Zeldzaam,NT,,Regional,Desender_etal_1995,http://creativecommons.org/publicdomain/zero/1.0/,INBO,http://www.inbo.be/en/norms-for-data-use,UnValidated Red Lists of Flanders,http://marineregions.org/mrgid/2469,Flanders,BE,present,Near Threatened (NT),Near Threatened (NT) / NT,NONE_done,
INBO:RL:NONVAL:CAR:1995:858,CarabidBeetles,1995,Animalia,Bembidion stephensi,Bembidion stephensii,Bembidion stephensii,Grote leempriemkever,Zeldzaam,NT,,Regional,Desender_etal_1995,http://creativecommons.org/publicdomain/zero/1.0/,INBO,http://www.inbo.be/en/norms-for-data-use,UnValidated Red Lists of Flanders,http://marineregions.org/mrgid/2469,Flanders,BE,present,Near Threatened (NT),Near Threatened (NT) / NT,FUZZY_done,6097890
INBO:RL:NONVAL:CAR:1995:865,CarabidBeetles,1995,Animalia,Bembidion velox,"Bembidion velox Erichson, 1837",,Snelle priemkever,Zeldzaam,NT,,Regional,Desender_etal_1995,http://creativecommons.org/publicdomain/zero/1.0/,INBO,http://www.inbo.be/en/norms-for-data-use,UnValidated Red Lists of Flanders,http://marineregions.org/mrgid/2469,Flanders,BE,present,Near Threatened (NT),Near Threatened (NT) / NT,NONE Multiple equal matches for Bembidion velox,
INBO:RL:NONVAL:CAR:1995:888,CarabidBeetles,1995,Animalia,Calosoma maderae auropunctatum,Calosoma auropunctatum,,Goudpuntpoppenrover,Uitgestorven in Vlaanderen,RE,,Regional,Desender_etal_1995,http://creativecommons.org/publicdomain/zero/1.0/,INBO,http://www.inbo.be/en/norms-for-data-use,UnValidated Red Lists of Flanders,http://marineregions.org/mrgid/2469,Flanders,BE,present,Regionally Extinct (RE) in Flanders,Regionally Extinct (RE) in Flanders / RE,NONE_done,
INBO:RL:NONVAL:CAR:1995:967,CarabidBeetles,1995,Animalia,Harpalus azureus,Ophonus azureus ,,Azuurblauwe halmklimmer,Uitgestorven in Vlaanderen,RE,,Regional,Desender_etal_1995,http://creativecommons.org/publicdomain/zero/1.0/,INBO,http://www.inbo.be/en/norms-for-data-use,UnValidated Red Lists of Flanders,http://marineregions.org/mrgid/2469,Flanders,BE,present,Regionally Extinct (RE) in Flanders,Regionally Extinct (RE) in Flanders / RE,NONE Multiple equal matches for Harpalus azureus,
INBO:RL:NONVAL:CAR:1995:968,CarabidBeetles,1995,Animalia,Harpalus cordatus,"Harpalus cordatus (LeConte, 1853)",,Duinhalmklimmer,Uitgestorven in Vlaanderen,RE,,Regional,Desender_etal_1995,http://creativecommons.org/publicdomain/zero/1.0/,INBO,http://www.inbo.be/en/norms-for-data-use,UnValidated Red Lists of Flanders,http://marineregions.org/mrgid/2469,Flanders,BE,present,Regionally Extinct (RE) in Flanders,Regionally Extinct (RE) in Flanders / RE,NONE Multiple equal matches for Harpalus cordatus,
INBO:RL:NONVAL:CAR:1995:972,CarabidBeetles,1995,Animalia,Harpalus froelichi,Harpalus froelichii,Harpalus froelichii,Schraallandkruiper,Bedreigd,EN,,Regional,Desender_etal_1995,http://creativecommons.org/publicdomain/zero/1.0/,INBO,http://www.inbo.be/en/norms-for-data-use,UnValidated Red Lists of Flanders,http://marineregions.org/mrgid/2469,Flanders,BE,present,Endangered (EN),Endangered (EN) / EN,FUZZY_done,6097925
INBO:RL:NONVAL:CAR:1995:978,CarabidBeetles,1995,Animalia,Harpalus melleti,Ophonus melletii,Ophonus melletii,Variabele halmklimmer,Waarschijnlijk bedreigd,DD(PT),,Regional,Desender_etal_1995,http://creativecommons.org/publicdomain/zero/1.0/,INBO,http://www.inbo.be/en/norms-for-data-use,UnValidated Red Lists of Flanders,http://marineregions.org/mrgid/2469,Flanders,BE,present,Probably Endangered,Probably Endangered / DD(PT),FUZZY_done,8470475
INBO:RL:NONVAL:CAR:1995:981,CarabidBeetles,1995,Animalia,Harpalus nitidulus,Harpalus fulgens,,,Uitgestorven in Vlaanderen,RE,,Regional,Desender_etal_1995,http://creativecommons.org/publicdomain/zero/1.0/,INBO,http://www.inbo.be/en/norms-for-data-use,UnValidated Red Lists of Flanders,http://marineregions.org/mrgid/2469,Flanders,BE,present,Regionally Extinct (RE) in Flanders,Regionally Extinct (RE) in Flanders / RE,NONE Multiple equal matches for Harpalus nitidulus,
INBO:RL:NONVAL:CAR:1995:990,CarabidBeetles,1995,Animalia,Harpalus sabulicola,Ophonus sabulicola,,Zandhalmklimmer,Uitgestorven in Vlaanderen,RE,,Regional,Desender_etal_1995,http://creativecommons.org/publicdomain/zero/1.0/,INBO,http://www.inbo.be/en/norms-for-data-use,UnValidated Red Lists of Flanders,http://marineregions.org/mrgid/2469,Flanders,BE,present,Regionally Extinct (RE) in Flanders,Regionally Extinct (RE) in Flanders / RE,NONE_done,
INBO:RL:NONVAL:DOL:2000:1642,DolichopodidFlies,2000,Animalia,Medetera sp. n.,Medetera sp. n.,,,Onvoldoende gekend,DD,,Regional,Pollet_2000,http://creativecommons.org/publicdomain/zero/1.0/,INBO,http://www.inbo.be/en/norms-for-data-use,UnValidated Red Lists of Flanders,http://marineregions.org/mrgid/2469,Flanders,BE,present,Data Deficient (DD),Data Deficient (DD) / DD,NONE No match because of too little confidence,
INBO:RL:NONVAL:DOL:2000:1644,DolichopodidFlies,2000,Animalia,Medetera takagi?,Medetera takagii,Medetera takagii,,Onvoldoende gekend,DD,,Regional,Pollet_2000,http://creativecommons.org/publicdomain/zero/1.0/,INBO,http://www.inbo.be/en/norms-for-data-use,UnValidated Red Lists of Flanders,http://marineregions.org/mrgid/2469,Flanders,BE,present,Data Deficient (DD),Data Deficient (DD) / DD,FUZZY_done,1608326
INBO:RL:NONVAL:DOL:2000:1696,DolichopodidFlies,2000,Animalia,Sybistroma obscurellum,Sybistroma obscurellus,Sybistroma obscurellus,,Momenteel niet bedreigd,LC,,Regional,Pollet_2000,http://creativecommons.org/publicdomain/zero/1.0/,INBO,http://www.inbo.be/en/norms-for-data-use,UnValidated Red Lists of Flanders,http://marineregions.org/mrgid/2469,Flanders,BE,present,Least Concern (LC),Least Concern (LC) / LC,FUZZY_done,1603823
INBO:RL:NONVAL:DOL:2000:1699,DolichopodidFlies,2000,Animalia,Syntormon aulicum,Syntormon aulicus,Syntormon aulicus,,Kwetsbaar,VU,,Regional,Pollet_2000,http://creativecommons.org/publicdomain/zero/1.0/,INBO,http://www.inbo.be/en/norms-for-data-use,UnValidated Red Lists of Flanders,http://marineregions.org/mrgid/2469,Flanders,BE,present,Vulnerable (VU),Vulnerable (VU) / VU,FUZZY_done,1603938
INBO:RL:NONVAL:DOL:2000:1701,DolichopodidFlies,2000,Animalia,Syntormon denticulatum,Syntormon denticulatus,Syntormon pumilus,,Momenteel niet bedreigd,LC,,Regional,Pollet_2000,http://creativecommons.org/publicdomain/zero/1.0/,INBO,http://www.inbo.be/en/norms-for-data-use,UnValidated Red Lists of Flanders,http://marineregions.org/mrgid/2469,Flanders,BE,present,Least Concern (LC),Least Concern (LC) / LC,FUZZY_done,1603929
INBO:RL:NONVAL:DOL:2000:1707,DolichopodidFlies,2000,Animalia,Syntormon pumilum,Syntormon pumilus,Syntormon pumilus,,Momenteel niet bedreigd,LC,,Regional,Pollet_2000,http://creativecommons.org/publicdomain/zero/1.0/,INBO,http://www.inbo.be/en/norms-for-data-use,UnValidated Red Lists of Flanders,http://marineregions.org/mrgid/2469,Flanders,BE,present,Least Concern (LC),Least Concern (LC) / LC,FUZZY_done,1603927
INBO:RL:NONVAL:DOL:2000:1708,DolichopodidFlies,2000,Animalia,Syntormon tarsatum,Syntormon tarsatus,Syntormon tarsatus,,Zeldzaam (zeer zeldzaam),NT,,Regional,Pollet_2000,http://creativecommons.org/publicdomain/zero/1.0/,INBO,http://www.inbo.be/en/norms-for-data-use,UnValidated Red Lists of Flanders,http://marineregions.org/mrgid/2469,Flanders,BE,present,Near Threatened (NT) (very rare),Near Threatened (NT) (very rare) / NT,FUZZY_done,1604033
INBO:RL:NONVAL:DOL:2000:1712,DolichopodidFlies,2000,Animalia,Systenus scholtzii,Systenus scholtzi,Systenus scholtzi,,Zeldzaam (zeer zeldzaam),NT,,Regional,Pollet_2000,http://creativecommons.org/publicdomain/zero/1.0/,INBO,http://www.inbo.be/en/norms-for-data-use,UnValidated Red Lists of Flanders,http://marineregions.org/mrgid/2469,Flanders,BE,present,Near Threatened (NT) (very rare),Near Threatened (NT) (very rare) / NT,FUZZY_done,5083267
INBO:RL:NONVAL:EMP:2001:1892,EmpididFlies,2001,Animalia,Elaphropeza ephippiata,Drapetis ephippiata,,,Momenteel niet bedreigd,LC,,Regional,Grootaert_etal_2001,http://creativecommons.org/publicdomain/zero/1.0/,INBO,http://www.inbo.be/en/norms-for-data-use,UnValidated Red Lists of Flanders,http://marineregions.org/mrgid/2469,Flanders,BE,present,Least Concern (LC),Least Concern (LC) / LC,NONE_done,
INBO:RL:NONVAL:EMP:2001:1909,EmpididFlies,2001,Animalia,Empis near acinerea,Empis acinerea,,,Onvoldoende gekend,DD,,Regional,Grootaert_etal_2001,http://creativecommons.org/publicdomain/zero/1.0/,INBO,http://www.inbo.be/en/norms-for-data-use,UnValidated Red Lists of Flanders,http://marineregions.org/mrgid/2469,Flanders,BE,present,Data Deficient (DD),Data Deficient (DD) / DD,NONE_done,
INBO:RL:NONVAL:EMP:2001:1967,EmpididFlies,2001,Animalia,Hilara quadrivittata,Hilara quadrivitata,Hilara quadrivitata,,Zeldzaam,NT,,Regional,Grootaert_etal_2001,http://creativecommons.org/publicdomain/zero/1.0/,INBO,http://www.inbo.be/en/norms-for-data-use,UnValidated Red Lists of Flanders,http://marineregions.org/mrgid/2469,Flanders,BE,present,Near Threatened (NT),Near Threatened (NT) / NT,FUZZY_done,5079401
INBO:RL:NONVAL:EMP:2001:2008,EmpididFlies,2001,Animalia,Platypalpus coxatus,Platypalpus annulipes,,,Zeldzaam,NT,,Regional,Grootaert_etal_2001,http://creativecommons.org/publicdomain/zero/1.0/,INBO,http://www.inbo.be/en/norms-for-data-use,UnValidated Red Lists of Flanders,http://marineregions.org/mrgid/2469,Flanders,BE,present,Near Threatened (NT),Near Threatened (NT) / NT,NONE_done,
INBO:RL:NONVAL:EMP:2001:2028,EmpididFlies,2001,Animalia,Platypalpus maculimana,Platypalpus articulatus,Platypalpus articulatus,,Zeldzaam,NT,,Regional,Grootaert_etal_2001,http://creativecommons.org/publicdomain/zero/1.0/,INBO,http://www.inbo.be/en/norms-for-data-use,UnValidated Red Lists of Flanders,http://marineregions.org/mrgid/2469,Flanders,BE,present,Near Threatened (NT),Near Threatened (NT) / NT,FUZZY_done,4514760
INBO:RL:NONVAL:EMP:2001:2037,EmpididFlies,2001,Animalia,Platypalpus ochrocerus,Platypalpus ochrocera,Platypalpus ochrocera,,Onvoldoende gekend,DD,,Regional,Grootaert_etal_2001,http://creativecommons.org/publicdomain/zero/1.0/,INBO,http://www.inbo.be/en/norms-for-data-use,UnValidated Red Lists of Flanders,http://marineregions.org/mrgid/2469,Flanders,BE,present,Data Deficient (DD),Data Deficient (DD) / DD,FUZZY_done,1457565
INBO:RL:NONVAL:FIS:1998:2121,FreshwaterFishes,1998,Animalia,Alosa fallax,"Alosa fallax (Lacep√®de, 1803)",,Fint,Uitgestorven in Vlaanderen,RE,LC,Regional,VandelannooteCoeck_1998,http://creativecommons.org/publicdomain/zero/1.0/,INBO,http://www.inbo.be/en/norms-for-data-use,UnValidated Red Lists of Flanders,http://marineregions.org/mrgid/2469,Flanders,BE,present,Regionally Extinct (RE) in Flanders,Regionally Extinct (RE) in Flanders / RE,NONE Multiple equal matches for Alosa fallax,
INBO:RL:NONVAL:FIS:1998:2133,FreshwaterFishes,1998,Animalia,Coregonus oxyrynchus,Coregonus oxyrinchus,Coregonus oxyrinchus,Houting,Uitgestorven in Vlaanderen,RE,RE,Regional,VandelannooteCoeck_1998,http://creativecommons.org/publicdomain/zero/1.0/,INBO,http://www.inbo.be/en/norms-for-data-use,UnValidated Red Lists of Flanders,http://marineregions.org/mrgid/2469,Flanders,BE,present,Regionally Extinct (RE) in Flanders,Regionally Extinct (RE) in Flanders / RE,FUZZY_done,2351155
INBO:RL:NONVAL:FIS:1998:2152,FreshwaterFishes,1998,Animalia,Noemacheilus barbatula,Barbatula barbatula,Barbatula barbatula,Bermpje,Momenteel niet bedreigd,LC,LC,Regional,VandelannooteCoeck_1998,http://creativecommons.org/publicdomain/zero/1.0/,INBO,http://www.inbo.be/en/norms-for-data-use,UnValidated Red Lists of Flanders,http://marineregions.org/mrgid/2469,Flanders,BE,present,Least Concern (LC),Least Concern (LC) / LC,FUZZY_done,2357595
INBO:RL:NONVAL:FUN:1999:2679,Macrofungi,1999,Fungi,Boletus badius,"Boletus badius Pers., 1801",,Kastanjeboleet,Momenteel niet bedreigd,LC,,Regional,WalleynVerbeken_1999,http://creativecommons.org/publicdomain/zero/1.0/,INBO,http://www.inbo.be/en/norms-for-data-use,UnValidated Red Lists of Flanders,http://marineregions.org/mrgid/2469,Flanders,BE,present,Least Concern (LC),Least Concern (LC) / LC,NONE Multiple equal matches for Boletus badius,
INBO:RL:NONVAL:FUN:1999:2687,Macrofungi,1999,Fungi,Boletus fraternus ss. O.,Boletus fraternus,,Wijnrode boleet,Waarschijnlijk bedreigd,DD(PT),,Regional,WalleynVerbeken_1999,http://creativecommons.org/publicdomain/zero/1.0/,INBO,http://www.inbo.be/en/norms-for-data-use,UnValidated Red Lists of Flanders,http://marineregions.org/mrgid/2469,Flanders,BE,present,Probably Endangered,Probably Endangered / DD(PT),NONE_done,
INBO:RL:NONVAL:FUN:1999:2691,Macrofungi,1999,Fungi,Boletus parasiticus,"Boletus parasiticus Bull., 1790",,Kostgangerboleet,Momenteel niet bedreigd,LC,,Regional,WalleynVerbeken_1999,http://creativecommons.org/publicdomain/zero/1.0/,INBO,http://www.inbo.be/en/norms-for-data-use,UnValidated Red Lists of Flanders,http://marineregions.org/mrgid/2469,Flanders,BE,present,Least Concern (LC),Least Concern (LC) / LC,NONE Multiple equal matches for Boletus parasiticus,
INBO:RL:NONVAL:FUN:1999:2718,Macrofungi,1999,Fungi,Cantharellus tubaeformis,"Cantharellus tubaeformis Fr., 1821",,Trechtercantharel,Bedreigd,EN,,Regional,WalleynVerbeken_1999,http://creativecommons.org/publicdomain/zero/1.0/,INBO,http://www.inbo.be/en/norms-for-data-use,UnValidated Red Lists of Flanders,http://marineregions.org/mrgid/2469,Flanders,BE,present,Endangered (EN),Endangered (EN) / EN,NONE Multiple equal matches for Cantharellus tubaeformis,
INBO:RL:NONVAL:FUN:1999:2751,Macrofungi,1999,Fungi,Faerberia carbonarium,Faerberia carbonaria,Faerberia carbonaria,Brandplekribbelzwam,Bedreigd,EN,,Regional,WalleynVerbeken_1999,http://creativecommons.org/publicdomain/zero/1.0/,INBO,http://www.inbo.be/en/norms-for-data-use,UnValidated Red Lists of Flanders,http://marineregions.org/mrgid/2469,Flanders,BE,present,Endangered (EN),Endangered (EN) / EN,FUZZY_done,2546354
INBO:RL:NONVAL:FUN:1999:2887,Macrofungi,1999,Fungi,Lactarius omphaliformis,Lactarius omphaliiformis,Lactarius omphaliiformis,Rossige elzenmelkzwam,Momenteel niet bedreigd,LC,,Regional,WalleynVerbeken_1999,http://creativecommons.org/publicdomain/zero/1.0/,INBO,http://www.inbo.be/en/norms-for-data-use,UnValidated Red Lists of Flanders,http://marineregions.org/mrgid/2469,Flanders,BE,present,Least Concern (LC),Least Concern (LC) / LC,FUZZY_done,5248613
INBO:RL:NONVAL:FUN:1999:2934,Macrofungi,1999,Fungi,Lentinus lepideus,"Neolentinus lepideus (Fr.) Redhead & Ginns, 1985",,Schubbige taaiplaat,Bedreigd,EN,,Regional,WalleynVerbeken_1999,http://creativecommons.org/publicdomain/zero/1.0/,INBO,http://www.inbo.be/en/norms-for-data-use,UnValidated Red Lists of Flanders,http://marineregions.org/mrgid/2469,Flanders,BE,present,Endangered (EN),Endangered (EN) / EN,NONE Multiple equal matches for Lentinus lepideus,
INBO:RL:NONVAL:GRA:2013:2267,Grasshoppers,2013,Animalia,Gomphocerripus rufus,Gomphocerippus rufus,,Rosse sprinkhaan,Least concern,LC,LC,IUCN,Lock_etal_2011,http://creativecommons.org/publicdomain/zero/1.0/,INBO,http://www.inbo.be/en/norms-for-data-use,UnValidated Red Lists of Flanders,http://marineregions.org/mrgid/2469,Flanders,BE,present,Least Concern (LC),Least Concern (LC) / LC,NONE_done,
INBO:RL:NONVAL:HOV:1998:2357,Hoverflies,1998,Animalia,Brachymyia berberina,Criorhina berberina,,Kleine woudzwever,Momenteel niet bedreigd,LC,,Regional,MeerhaegheGrootaert_1998,http://creativecommons.org/publicdomain/zero/1.0/,INBO,http://www.inbo.be/en/norms-for-data-use,UnValidated Red Lists of Flanders,http://marineregions.org/mrgid/2469,Flanders,BE,present,Least Concern (LC),Least Concern (LC) / LC,NONE_done,
INBO:RL:NONVAL:HOV:1998:2440,Hoverflies,1998,Animalia,Eristalis alpinus,Eristalis alpina,Eristalis alpina,Alpenbijvlieg,Uitgestorven,RE,,Regional,MeerhaegheGrootaert_1998,http://creativecommons.org/publicdomain/zero/1.0/,INBO,http://www.inbo.be/en/norms-for-data-use,UnValidated Red Lists of Flanders,http://marineregions.org/mrgid/2469,Flanders,BE,present,Regionally Extinct (RE),Regionally Extinct (RE) / RE,FUZZY_done,1540351
INBO:RL:NONVAL:HOV:1998:2443,Hoverflies,1998,Animalia,Eristalis horticola,Eristalis lineata,,Bosbijvlieg,Momenteel niet bedreigd,LC,,Regional,MeerhaegheGrootaert_1998,http://creativecommons.org/publicdomain/zero/1.0/,INBO,http://www.inbo.be/en/norms-for-data-use,UnValidated Red Lists of Flanders,http://marineregions.org/mrgid/2469,Flanders,BE,present,Least Concern (LC),Least Concern (LC) / LC,NONE_done,
INBO:RL:NONVAL:HOV:1998:2444,Hoverflies,1998,Animalia,Eristalis interruptus,Eristalis interrupta,Eristalis interrupta,,Momenteel niet bedreigd,LC,,Regional,MeerhaegheGrootaert_1998,http://creativecommons.org/publicdomain/zero/1.0/,INBO,http://www.inbo.be/en/norms-for-data-use,UnValidated Red Lists of Flanders,http://marineregions.org/mrgid/2469,Flanders,BE,present,Least Concern (LC),Least Concern (LC) / LC,FUZZY_done,1541277
INBO:RL:NONVAL:HOV:1998:2447,Hoverflies,1998,Animalia,Eristalis piceus,Eristalis rupium,Eristalis rupium,Veenbijvlieg,Zeldzaam,NT,,Regional,MeerhaegheGrootaert_1998,http://creativecommons.org/publicdomain/zero/1.0/,INBO,http://www.inbo.be/en/norms-for-data-use,UnValidated Red Lists of Flanders,http://marineregions.org/mrgid/2469,Flanders,BE,present,Near Threatened (NT),Near Threatened (NT) / NT,FUZZY_done,4516879
INBO:RL:NONVAL:HOV:1998:2469,Hoverflies,1998,Animalia,Ischyrosyrphus glaucius,Leucozona glaucia,,Doorzichtig-gele melkzweefvlieg,Zeldzaam,NT,,Regional,MeerhaegheGrootaert_1998,http://creativecommons.org/publicdomain/zero/1.0/,INBO,http://www.inbo.be/en/norms-for-data-use,UnValidated Red Lists of Flanders,http://marineregions.org/mrgid/2469,Flanders,BE,present,Near Threatened (NT),Near Threatened (NT) / NT,NONE_done,
INBO:RL:NONVAL:HOV:1998:2470,Hoverflies,1998,Animalia,Ischyrosyrphus laternarius,Leucozona laternaria,,Donkere melkzweefvlieg,Momenteel niet bedreigd,LC,,Regional,MeerhaegheGrootaert_1998,http://creativecommons.org/publicdomain/zero/1.0/,INBO,http://www.inbo.be/en/norms-for-data-use,UnValidated Red Lists of Flanders,http://marineregions.org/mrgid/2469,Flanders,BE,present,Least Concern (LC),Least Concern (LC) / LC,NONE_done,
INBO:RL:NONVAL:HOV:1998:2473,Hoverflies,1998,Animalia,Lejops vittata,Lejops vittatus,Lejops vittatus,Heenzweefvlieg,Uitgestorven,RE,,Regional,MeerhaegheGrootaert_1998,http://creativecommons.org/publicdomain/zero/1.0/,INBO,http://www.inbo.be/en/norms-for-data-use,UnValidated Red Lists of Flanders,http://marineregions.org/mrgid/2469,Flanders,BE,present,Regionally Extinct (RE),Regionally Extinct (RE) / RE,FUZZY_done,1538420
INBO:RL:NONVAL:HOV:1998:2486,Hoverflies,1998,Animalia,Melanogaster lucida,Melanogaster nuda,,'Kaal doflijfje',Achteruitgaand,NT,,Regional,MeerhaegheGrootaert_1998,http://creativecommons.org/publicdomain/zero/1.0/,INBO,http://www.inbo.be/en/norms-for-data-use,UnValidated Red Lists of Flanders,http://marineregions.org/mrgid/2469,Flanders,BE,present,Near Threatened (NT),Near Threatened (NT) / NT,NONE_done,
INBO:RL:NONVAL:HOV:1998:2487,Hoverflies,1998,Animalia,Melanogaster macquarti,Chrysogaster parumplicata,,,Uitgestorven,RE,,Regional,MeerhaegheGrootaert_1998,http://creativecommons.org/publicdomain/zero/1.0/,INBO,http://www.inbo.be/en/norms-for-data-use,UnValidated Red Lists of Flanders,http://marineregions.org/mrgid/2469,Flanders,BE,present,Regionally Extinct (RE),Regionally Extinct (RE) / RE,NONE_done,
INBO:RL:NONVAL:HOV:1998:2490,Hoverflies,1998,Animalia,Meligramma euchroma,Epistrophella euchroma,,'Stippelelfje',Achteruitgaand,NT,,Regional,MeerhaegheGrootaert_1998,http://creativecommons.org/publicdomain/zero/1.0/,INBO,http://www.inbo.be/en/norms-for-data-use,UnValidated Red Lists of Flanders,http://marineregions.org/mrgid/2469,Flanders,BE,present,Near Threatened (NT),Near Threatened (NT) / NT,NONE_done,
INBO:RL:NONVAL:HOV:1998:2509,Hoverflies,1998,Animalia,Neocnemodon latitarsis,Heringia latitarsis,,Bokspootplatbek,Kwetsbaar,VU,,Regional,MeerhaegheGrootaert_1998,http://creativecommons.org/publicdomain/zero/1.0/,INBO,http://www.inbo.be/en/norms-for-data-use,UnValidated Red Lists of Flanders,http://marineregions.org/mrgid/2469,Flanders,BE,present,Vulnerable (VU),Vulnerable (VU) / VU,NONE_done,
INBO:RL:NONVAL:HOV:1998:2510,Hoverflies,1998,Animalia,Neocnemodon pubescens,Heringia pubescens,,Donkerhaarplatbek,Kwetsbaar,VU,,Regional,MeerhaegheGrootaert_1998,http://creativecommons.org/publicdomain/zero/1.0/,INBO,http://www.inbo.be/en/norms-for-data-use,UnValidated Red Lists of Flanders,http://marineregions.org/mrgid/2469,Flanders,BE,present,Vulnerable (VU),Vulnerable (VU) / VU,NONE_done,
INBO:RL:NONVAL:HOV:1998:2511,Hoverflies,1998,Animalia,Neocnemodon vitripennis,Heringia vitripennis,,Gespoorde platbek,Momenteel niet bedreigd,LC,,Regional,MeerhaegheGrootaert_1998,http://creativecommons.org/publicdomain/zero/1.0/,INBO,http://www.inbo.be/en/norms-for-data-use,UnValidated Red Lists of Flanders,http://marineregions.org/mrgid/2469,Flanders,BE,present,Least Concern (LC),Least Concern (LC) / LC,NONE_done,
INBO:RL:NONVAL:HOV:1998:2566,Hoverflies,1998,Animalia,Pyrophaena granditarsa,"Platycheirus granditarsus (Forster, 1771)",,Klompvoetje,Momenteel niet bedreigd,LC,,Regional,MeerhaegheGrootaert_1998,http://creativecommons.org/publicdomain/zero/1.0/,INBO,http://www.inbo.be/en/norms-for-data-use,UnValidated Red Lists of Flanders,http://marineregions.org/mrgid/2469,Flanders,BE,present,Least Concern (LC),Least Concern (LC) / LC,NONE_done,
INBO:RL:NONVAL:HOV:1998:2576,Hoverflies,1998,Animalia,Sphaerophoria interrupta,"Sphaerophoria interrupta (Fabricius, 1805)",,Grote gevlekte langlijf,Met uitsterven bedreigd,CR,,Regional,MeerhaegheGrootaert_1998,http://creativecommons.org/publicdomain/zero/1.0/,INBO,http://www.inbo.be/en/norms-for-data-use,UnValidated Red Lists of Flanders,http://marineregions.org/mrgid/2469,Flanders,BE,present,Critically Endangered (CR),Critically Endangered (CR) / CR,NONE Multiple equal matches for Sphaerophoria interrupta,
INBO:RL:NONVAL:HOV:1998:2577,Hoverflies,1998,Animalia,Sphaerophoria loewi,Sphaerophoria loewii,Sphaerophoria loewii,Zilte langlijf,Uitgestorven,RE,,Regional,MeerhaegheGrootaert_1998,http://creativecommons.org/publicdomain/zero/1.0/,INBO,http://www.inbo.be/en/norms-for-data-use,UnValidated Red Lists of Flanders,http://marineregions.org/mrgid/2469,Flanders,BE,present,Regionally Extinct (RE),Regionally Extinct (RE) / RE,FUZZY_done,1539169
INBO:RL:NONVAL:HOV:1998:2579,Hoverflies,1998,Animalia,Sphaerophoria rueppelli,Sphaerophoria rueppellii,Sphaerophoria rueppellii,Kleine langlijf,Zeldzaam,NT,,Regional,MeerhaegheGrootaert_1998,http://creativecommons.org/publicdomain/zero/1.0/,INBO,http://www.inbo.be/en/norms-for-data-use,UnValidated Red Lists of Flanders,http://marineregions.org/mrgid/2469,Flanders,BE,present,Near Threatened (NT),Near Threatened (NT) / NT,FUZZY_done,1539204
INBO:RL:NONVAL:HOV:1998:2595,Hoverflies,1998,Animalia,Trichopsomyia flavitarse,Trichopsomyia flavitarsis,,Kleinvlekplatbek,Achteruitgaand,NT,,Regional,MeerhaegheGrootaert_1998,http://creativecommons.org/publicdomain/zero/1.0/,INBO,http://www.inbo.be/en/norms-for-data-use,UnValidated Red Lists of Flanders,http://marineregions.org/mrgid/2469,Flanders,BE,present,Near Threatened (NT),Near Threatened (NT) / NT,NONE_done,
INBO:RL:NONVAL:HOV:1998:2605,Hoverflies,1998,Animalia,Xanthogramma festivum,Xanthogramma festiva,Xanthogramma festiva,,Bedreigd,EN,,Regional,MeerhaegheGrootaert_1998,http://creativecommons.org/publicdomain/zero/1.0/,INBO,http://www.inbo.be/en/norms-for-data-use,UnValidated Red Lists of Flanders,http://marineregions.org/mrgid/2469,Flanders,BE,present,Endangered (EN),Endangered (EN) / EN,FUZZY_done,5071293
INBO:RL:NONVAL:HOV:1998:2610,Hoverflies,1998,Animalia,Xylota semulatra,Xylota abiens,,'Kleine Grijze Bladloper',Zeldzaam,NT,,Regional,MeerhaegheGrootaert_1998,http://creativecommons.org/publicdomain/zero/1.0/,INBO,http://www.inbo.be/en/norms-for-data-use,UnValidated Red Lists of Flanders,http://marineregions.org/mrgid/2469,Flanders,BE,present,Near Threatened (NT),Near Threatened (NT) / NT,NONE_done,
INBO:RL:NONVAL:MAM:1994:3216,Mammals,1994,Animalia,Crocidura russula,"Crocidura russula (Hermann, 1780)",,Huisspitsmuis,Momenteel niet bedreigd,LC,LC,Regional,Criel_1994,http://creativecommons.org/publicdomain/zero/1.0/,INBO,http://www.inbo.be/en/norms-for-data-use,UnValidated Red Lists of Flanders,http://marineregions.org/mrgid/2469,Flanders,BE,present,Least Concern (LC),Least Concern (LC) / LC,NONE Multiple equal matches for Crocidura russula,
INBO:RL:NONVAL:MAM:1994:3220,Mammals,1994,Animalia,Felis catus,"Felis catus Linnaeus, 1758",,Huiskat,Momenteel niet bedreigd,LC,NE,Regional,Criel_1994,http://creativecommons.org/publicdomain/zero/1.0/,INBO,http://www.inbo.be/en/norms-for-data-use,UnValidated Red Lists of Flanders,http://marineregions.org/mrgid/2469,Flanders,BE,present,Least Concern (LC),Least Concern (LC) / LC,NONE Multiple equal matches for Felis catus,
INBO:RL:NONVAL:MAM:1994:3221,Mammals,1994,Animalia,Felis silvestris,"Felis silvestris Schreber, 1777",,Wilde kat,Uitgestorven,RE,LC,Regional,Criel_1994,http://creativecommons.org/publicdomain/zero/1.0/,INBO,http://www.inbo.be/en/norms-for-data-use,UnValidated Red Lists of Flanders,http://marineregions.org/mrgid/2469,Flanders,BE,present,Regionally Extinct (RE),Regionally Extinct (RE) / RE,NONE Multiple equal matches for Felis silvestris,
INBO:RL:NONVAL:MAM:1994:3224,Mammals,1994,Animalia,Martes fiona,Martes foina,,Steenmarter,Momenteel niet bedreigd,LC,LC,Regional,Criel_1994,http://creativecommons.org/publicdomain/zero/1.0/,INBO,http://www.inbo.be/en/norms-for-data-use,UnValidated Red Lists of Flanders,http://marineregions.org/mrgid/2469,Flanders,BE,present,Least Concern (LC),Least Concern (LC) / LC,NONE_done,
INBO:RL:NONVAL:MAM:1994:3233,Mammals,1994,Animalia,Mustela furo x putorius,Mustela putorius subsp. furo,,Fret,Momenteel niet bedreigd,LC,NE,Regional,Criel_1994,http://creativecommons.org/publicdomain/zero/1.0/,INBO,http://www.inbo.be/en/norms-for-data-use,UnValidated Red Lists of Flanders,http://marineregions.org/mrgid/2469,Flanders,BE,present,Least Concern (LC),Least Concern (LC) / LC,NONE_done,
INBO:RL:NONVAL:MAM:1994:3256,Mammals,1994,Animalia,Pitymys subterraneus,Microtus subterraneus,,Ondergrondse woelmuis,Momenteel niet bedreigd,LC,LC,Regional,Criel_1994,http://creativecommons.org/publicdomain/zero/1.0/,INBO,http://www.inbo.be/en/norms-for-data-use,UnValidated Red Lists of Flanders,http://marineregions.org/mrgid/2469,Flanders,BE,present,Least Concern (LC),Least Concern (LC) / LC,NONE_done,
INBO:RL:NONVAL:MAM:1994:3273,Mammals,1994,Animalia,Vulpes vulpes,"Vulpes vulpes (Linnaeus, 1758)",,Vos,Momenteel niet bedreigd,LC,LC,Regional,Criel_1994,http://creativecommons.org/publicdomain/zero/1.0/,INBO,http://www.inbo.be/en/norms-for-data-use,UnValidated Red Lists of Flanders,http://marineregions.org/mrgid/2469,Flanders,BE,present,Least Concern (LC),Least Concern (LC) / LC,NONE Multiple equal matches for Vulpes vulpes,
INBO:RL:NONVAL:MOL:2006:3393,Molluscs,2006,Animalia,Balea biplicata biplicata,Alinda biplicata,,Grote regenslak,Kwetsbaar,VU,,Regional,VanLoen_etal_2006,http://creativecommons.org/publicdomain/zero/1.0/,INBO,http://www.inbo.be/en/norms-for-data-use,UnValidated Red Lists of Flanders,http://marineregions.org/mrgid/2469,Flanders,BE,present,Vulnerable (VU),Vulnerable (VU) / VU,NONE_done,
INBO:RL:NONVAL:MOL:2006:3420,Molluscs,2006,Animalia,Cornu aspersum aspersum,Cornu aspersum,,Segrijnslak,Niet bedreigd,LC,LC,Regional,VanLoen_etal_2006,http://creativecommons.org/publicdomain/zero/1.0/,INBO,http://www.inbo.be/en/norms-for-data-use,UnValidated Red Lists of Flanders,http://marineregions.org/mrgid/2469,Flanders,BE,present,Least Concern (LC),Least Concern (LC) / LC,NONE_done,
INBO:RL:NONVAL:MOL:2006:3425,Molluscs,2006,Animalia,Discus ruderatus ruderatus,Discus ruderatus,,Bruine discusslak,Onvoldoende gekend,DD,,Regional,VanLoen_etal_2006,http://creativecommons.org/publicdomain/zero/1.0/,INBO,http://www.inbo.be/en/norms-for-data-use,UnValidated Red Lists of Flanders,http://marineregions.org/mrgid/2469,Flanders,BE,present,Data Deficient (DD),Data Deficient (DD) / DD,NONE_done,
INBO:RL:NONVAL:MOL:2006:3456,Molluscs,2006,Animalia,Oxychilus draparnaudi draparnaudi,Oxychilus draparnaudi,,Grote glansslak,Niet bedreigd,LC,,Regional,VanLoen_etal_2006,http://creativecommons.org/publicdomain/zero/1.0/,INBO,http://www.inbo.be/en/norms-for-data-use,UnValidated Red Lists of Flanders,http://marineregions.org/mrgid/2469,Flanders,BE,present,Least Concern (LC),Least Concern (LC) / LC,NONE_done,
INBO:RL:NONVAL:MOL:2006:3476,Molluscs,2006,Animalia,Trichia plebeia,Tritonia plebeia,,Kleine tritonia,Onvoldoende gekend,DD,,Regional,VanLoen_etal_2006,http://creativecommons.org/publicdomain/zero/1.0/,INBO,http://www.inbo.be/en/norms-for-data-use,UnValidated Red Lists of Flanders,http://marineregions.org/mrgid/2469,Flanders,BE,present,Data Deficient (DD),Data Deficient (DD) / DD,NONE_done,
INBO:RL:NONVAL:MOL:2006:3477,Molluscs,2006,Animalia,Trichia striolata abludens,Trichia striolata,,'Rosse haarslak',Onvoldoende gekend,DD,,Regional,VanLoen_etal_2006,http://creativecommons.org/publicdomain/zero/1.0/,INBO,http://www.inbo.be/en/norms-for-data-use,UnValidated Red Lists of Flanders,http://marineregions.org/mrgid/2469,Flanders,BE,present,Data Deficient (DD),Data Deficient (DD) / DD,NONE_done,
INBO:RL:NONVAL:MOL:2006:3496,Molluscs,2006,Animalia,Zonitoides nitidus,Zonitoides nitida,Zonitoides nitida,Donkere glansslak,Niet bedreigd,LC,,Regional,VanLoen_etal_2006,http://creativecommons.org/publicdomain/zero/1.0/,INBO,http://www.inbo.be/en/norms-for-data-use,UnValidated Red Lists of Flanders,http://marineregions.org/mrgid/2469,Flanders,BE,present,Least Concern (LC),Least Concern (LC) / LC,FUZZY_done,2295422
INBO:RL:NONVAL:REP:1996:3501,Reptiles,1996,Animalia,Vipera berus,"Vipera berus (Linnaeus, 1758)",,Adder,Met uitsterven bedreigd,CR,LC,Regional,BauwensClaus_1996,http://creativecommons.org/publicdomain/zero/1.0/,INBO,http://www.inbo.be/en/norms-for-data-use,UnValidated Red Lists of Flanders,http://marineregions.org/mrgid/2469,Flanders,BE,present,Critically Endangered (CR),Critically Endangered (CR) / CR,NONE Multiple equal matches for Vipera berus,
INBO:RL:NONVAL:SPI:1998:3577,Spiders,1998,Animalia,Araniella opistographa,Araniella opisthographa,Araniella opisthographa,Lentekomkommerspin,Momenteel niet bedreigd,LC,,Regional,Maelfait_etal_1998,http://creativecommons.org/publicdomain/zero/1.0/,INBO,http://www.inbo.be/en/norms-for-data-use,UnValidated Red Lists of Flanders,http://marineregions.org/mrgid/2469,Flanders,BE,present,Least Concern (LC),Least Concern (LC) / LC,FUZZY_done,2158385
INBO:RL:NONVAL:SPI:1998:3588,Spiders,1998,Animalia,Atea sturmi,Araneus sturmi,,Witruit-wielwebspin,Momenteel niet bedreigd,LC,,Regional,Maelfait_etal_1998,http://creativecommons.org/publicdomain/zero/1.0/,INBO,http://www.inbo.be/en/norms-for-data-use,UnValidated Red Lists of Flanders,http://marineregions.org/mrgid/2469,Flanders,BE,present,Least Concern (LC),Least Concern (LC) / LC,NONE_done,
INBO:RL:NONVAL:SPI:1998:3589,Spiders,1998,Animalia,Atea triguttata,Araneus triguttatus,,Drievlekwielwebspin,Momenteel niet bedreigd,LC,,Regional,Maelfait_etal_1998,http://creativecommons.org/publicdomain/zero/1.0/,INBO,http://www.inbo.be/en/norms-for-data-use,UnValidated Red Lists of Flanders,http://marineregions.org/mrgid/2469,Flanders,BE,present,Least Concern (LC),Least Concern (LC) / LC,NONE_done,
INBO:RL:NONVAL:SPI:1998:3612,Spiders,1998,Animalia,Centromerus levitarsus,"Centromerus levitarsis (Simon, 1884)",,Veen-tandpalpje ,Met uitsterven bedreigd,CR,,Regional,Maelfait_etal_1998,http://creativecommons.org/publicdomain/zero/1.0/,INBO,http://www.inbo.be/en/norms-for-data-use,UnValidated Red Lists of Flanders,http://marineregions.org/mrgid/2469,Flanders,BE,present,Critically Endangered (CR),Critically Endangered (CR) / CR,NONE_done,
INBO:RL:NONVAL:SPI:1998:3622,Spiders,1998,Animalia,Ceratinopsis romana,Styloctetor romanus,,Bosplatkopje,Bedreigd,EN,,Regional,Maelfait_etal_1998,http://creativecommons.org/publicdomain/zero/1.0/,INBO,http://www.inbo.be/en/norms-for-data-use,UnValidated Red Lists of Flanders,http://marineregions.org/mrgid/2469,Flanders,BE,present,Endangered (EN),Endangered (EN) / EN,NONE_done,
INBO:RL:NONVAL:SPI:1998:3623,Spiders,1998,Animalia,Ceratinopsis stativa,Styloctetor stativus,,Weideplatkopje,Zeldzaam,NT,,Regional,Maelfait_etal_1998,http://creativecommons.org/publicdomain/zero/1.0/,INBO,http://www.inbo.be/en/norms-for-data-use,UnValidated Red Lists of Flanders,http://marineregions.org/mrgid/2469,Flanders,BE,present,Near Threatened (NT),Near Threatened (NT) / NT,NONE_done,
INBO:RL:NONVAL:SPI:1998:3633,Spiders,1998,Animalia,Clubiona compta,Clubiona comta,,Zwartgerande zakspin,Momenteel niet bedreigd,LC,,Regional,Maelfait_etal_1998,http://creativecommons.org/publicdomain/zero/1.0/,INBO,http://www.inbo.be/en/norms-for-data-use,UnValidated Red Lists of Flanders,http://marineregions.org/mrgid/2469,Flanders,BE,present,Least Concern (LC),Least Concern (LC) / LC,NONE_done,
INBO:RL:NONVAL:SPI:1998:3654,Spiders,1998,Animalia,Coelotes inermis,Inermocoelotes inermis,,Stekelloze bostrechterspin,Zeldzaam,NT,,Regional,Maelfait_etal_1998,http://creativecommons.org/publicdomain/zero/1.0/,INBO,http://www.inbo.be/en/norms-for-data-use,UnValidated Red Lists of Flanders,http://marineregions.org/mrgid/2469,Flanders,BE,present,Near Threatened (NT),Near Threatened (NT) / NT,NONE_done,
INBO:RL:NONVAL:SPI:1998:3660,Spiders,1998,Animalia,Cybaeus angustarium,Cybaeus angustiarum,,,Onvoldoende gekend,DD,,Regional,Maelfait_etal_1998,http://creativecommons.org/publicdomain/zero/1.0/,INBO,http://www.inbo.be/en/norms-for-data-use,UnValidated Red Lists of Flanders,http://marineregions.org/mrgid/2469,Flanders,BE,present,Data Deficient (DD),Data Deficient (DD) / DD,NONE_done,
INBO:RL:NONVAL:SPI:1998:3671,Spiders,1998,Animalia,Dicymbium brevisetosum,"Dicymbium nigrum subsp. brevisetosum Locket, 1962",,Kortharig bolkopje,Momenteel niet bedreigd,LC,,Regional,Maelfait_etal_1998,http://creativecommons.org/publicdomain/zero/1.0/,INBO,http://www.inbo.be/en/norms-for-data-use,UnValidated Red Lists of Flanders,http://marineregions.org/mrgid/2469,Flanders,BE,present,Least Concern (LC),Least Concern (LC) / LC,NONE_done,
INBO:RL:NONVAL:SPI:1998:3679,Spiders,1998,Animalia,Dipoena inornata,"Dipoena inornata (O. P.-Cambridge, 1861)",,,Met uitsterven bedreigd,CR,,Regional,Maelfait_etal_1998,http://creativecommons.org/publicdomain/zero/1.0/,INBO,http://www.inbo.be/en/norms-for-data-use,UnValidated Red Lists of Flanders,http://marineregions.org/mrgid/2469,Flanders,BE,present,Critically Endangered (CR),Critically Endangered (CR) / CR,NONE Multiple equal matches for Dipoena inornata,
INBO:RL:NONVAL:SPI:1998:3681,Spiders,1998,Animalia,Dipoena prona,Lasaeola prona,,Neus-galgspin,Bedreigd,EN,,Regional,Maelfait_etal_1998,http://creativecommons.org/publicdomain/zero/1.0/,INBO,http://www.inbo.be/en/norms-for-data-use,UnValidated Red Lists of Flanders,http://marineregions.org/mrgid/2469,Flanders,BE,present,Endangered (EN),Endangered (EN) / EN,NONE_done,
INBO:RL:NONVAL:SPI:1998:3682,Spiders,1998,Animalia,Dipoena tristis,Lasaeola tristis,,Zwarte galgspin,Met uitsterven bedreigd,CR,,Regional,Maelfait_etal_1998,http://creativecommons.org/publicdomain/zero/1.0/,INBO,http://www.inbo.be/en/norms-for-data-use,UnValidated Red Lists of Flanders,http://marineregions.org/mrgid/2469,Flanders,BE,present,Critically Endangered (CR),Critically Endangered (CR) / CR,NONE_done,
INBO:RL:NONVAL:SPI:1998:3695,Spiders,1998,Animalia,Enoplognata pallens,Paidiscura pallens ??,,,Momenteel niet bedreigd,LC,,Regional,Maelfait_etal_1998,http://creativecommons.org/publicdomain/zero/1.0/,INBO,http://www.inbo.be/en/norms-for-data-use,UnValidated Red Lists of Flanders,http://marineregions.org/mrgid/2469,Flanders,BE,present,Least Concern (LC),Least Concern (LC) / LC,NONE_done,
INBO:RL:NONVAL:SPI:1998:3724,Spiders,1998,Animalia,Euophrys aequipes,Talavera aequipes,,Chevron-zwartkop,Kwetsbaar,VU,,Regional,Maelfait_etal_1998,http://creativecommons.org/publicdomain/zero/1.0/,INBO,http://www.inbo.be/en/norms-for-data-use,UnValidated Red Lists of Flanders,http://marineregions.org/mrgid/2469,Flanders,BE,present,Vulnerable (VU),Vulnerable (VU) / VU,NONE_done,
INBO:RL:NONVAL:SPI:1998:3725,Spiders,1998,Animalia,Euophrys erratica,Pseudeuophrys erratica  ??,,Gehaakte zwartkop,Momenteel niet bedreigd,LC,,Regional,Maelfait_etal_1998,http://creativecommons.org/publicdomain/zero/1.0/,INBO,http://www.inbo.be/en/norms-for-data-use,UnValidated Red Lists of Flanders,http://marineregions.org/mrgid/2469,Flanders,BE,present,Least Concern (LC),Least Concern (LC) / LC,NONE_done,
INBO:RL:NONVAL:SPI:1998:3727,Spiders,1998,Animalia,Euophrys lanigera,Pseudeuophrys lanigera,,Huisspringspin,Momenteel niet bedreigd,LC,,Regional,Maelfait_etal_1998,http://creativecommons.org/publicdomain/zero/1.0/,INBO,http://www.inbo.be/en/norms-for-data-use,UnValidated Red Lists of Flanders,http://marineregions.org/mrgid/2469,Flanders,BE,present,Least Concern (LC),Least Concern (LC) / LC,NONE_done,
INBO:RL:NONVAL:SPI:1998:3756,Spiders,1998,Animalia,Halorates distinctus,Collinsia distincta,,Stomphoekpalpje,Bedreigd,EN,,Regional,Maelfait_etal_1998,http://creativecommons.org/publicdomain/zero/1.0/,INBO,http://www.inbo.be/en/norms-for-data-use,UnValidated Red Lists of Flanders,http://marineregions.org/mrgid/2469,Flanders,BE,present,Endangered (EN),Endangered (EN) / EN,NONE_done,
INBO:RL:NONVAL:SPI:1998:3757,Spiders,1998,Animalia,Haloratus reprobus,Halorates reprobus,,Slikkenspinnetje,Met uitsterven bedreigd,CR,,Regional,Maelfait_etal_1998,http://creativecommons.org/publicdomain/zero/1.0/,INBO,http://www.inbo.be/en/norms-for-data-use,UnValidated Red Lists of Flanders,http://marineregions.org/mrgid/2469,Flanders,BE,present,Critically Endangered (CR),Critically Endangered (CR) / CR,NONE_done,
INBO:RL:NONVAL:SPI:1998:3793,Spiders,1998,Animalia,Lathys puta,Lathys stigmatisata ,,,Zeldzaam,NT,,Regional,Maelfait_etal_1998,http://creativecommons.org/publicdomain/zero/1.0/,INBO,http://www.inbo.be/en/norms-for-data-use,UnValidated Red Lists of Flanders,http://marineregions.org/mrgid/2469,Flanders,BE,present,Near Threatened (NT),Near Threatened (NT) / NT,NONE_done,
INBO:RL:NONVAL:SPI:1998:3794,Spiders,1998,Animalia,Lepthyphantes cristatus,Leptyphantes cristatus,,Knobbel bodemwevertje,Momenteel niet bedreigd,LC,,Regional,Maelfait_etal_1998,http://creativecommons.org/publicdomain/zero/1.0/,INBO,http://www.inbo.be/en/norms-for-data-use,UnValidated Red Lists of Flanders,http://marineregions.org/mrgid/2469,Flanders,BE,present,Least Concern (LC),Least Concern (LC) / LC,NONE_done,
INBO:RL:NONVAL:SPI:1998:3796,Spiders,1998,Animalia,Lepthyphantes flavipes,Leptyphantes flavipes,,Klein bodemwevertje,Momenteel niet bedreigd,LC,,Regional,Maelfait_etal_1998,http://creativecommons.org/publicdomain/zero/1.0/,INBO,http://www.inbo.be/en/norms-for-data-use,UnValidated Red Lists of Flanders,http://marineregions.org/mrgid/2469,Flanders,BE,present,Least Concern (LC),Least Concern (LC) / LC,NONE_done,
INBO:RL:NONVAL:SPI:1998:3799,Spiders,1998,Animalia,Lepthyphantes lepthyphantiformis,Formiphantes lephthyphantiformis,,Bleek bodemwevertje,Zeldzaam,NT,,Regional,Maelfait_etal_1998,http://creativecommons.org/publicdomain/zero/1.0/,INBO,http://www.inbo.be/en/norms-for-data-use,UnValidated Red Lists of Flanders,http://marineregions.org/mrgid/2469,Flanders,BE,present,Near Threatened (NT),Near Threatened (NT) / NT,NONE_done,
INBO:RL:NONVAL:SPI:1998:3800,Spiders,1998,Animalia,Lepthyphantes mengei,Tenuiphantes mengei ??,,Gewoon bodemwevertje,Momenteel niet bedreigd,LC,,Regional,Maelfait_etal_1998,http://creativecommons.org/publicdomain/zero/1.0/,INBO,http://www.inbo.be/en/norms-for-data-use,UnValidated Red Lists of Flanders,http://marineregions.org/mrgid/2469,Flanders,BE,present,Least Concern (LC),Least Concern (LC) / LC,NONE_done,
INBO:RL:NONVAL:SPI:1998:3802,Spiders,1998,Animalia,Lepthyphantes mughi,Mughiphantes mughi ,,Noords bodemwevertje,Onvoldoende gekend,DD,,Regional,Maelfait_etal_1998,http://creativecommons.org/publicdomain/zero/1.0/,INBO,http://www.inbo.be/en/norms-for-data-use,UnValidated Red Lists of Flanders,http://marineregions.org/mrgid/2469,Flanders,BE,present,Data Deficient (DD),Data Deficient (DD) / DD,NONE_done,
INBO:RL:NONVAL:SPI:1998:3803,Spiders,1998,Animalia,Lepthyphantes obscurus,Obscuriphantes obscurus,,Dolk-bodemwevertje,Momenteel niet bedreigd,LC,,Regional,Maelfait_etal_1998,http://creativecommons.org/publicdomain/zero/1.0/,INBO,http://www.inbo.be/en/norms-for-data-use,UnValidated Red Lists of Flanders,http://marineregions.org/mrgid/2469,Flanders,BE,present,Least Concern (LC),Least Concern (LC) / LC,NONE_done,
INBO:RL:NONVAL:SPI:1998:3805,Spiders,1998,Animalia,Lepthyphantes tenebricola,Leptyphantes tenebricola,,Weide-bodemwevertje,Momenteel niet bedreigd,LC,,Regional,Maelfait_etal_1998,http://creativecommons.org/publicdomain/zero/1.0/,INBO,http://www.inbo.be/en/norms-for-data-use,UnValidated Red Lists of Flanders,http://marineregions.org/mrgid/2469,Flanders,BE,present,Least Concern (LC),Least Concern (LC) / LC,NONE_done,
INBO:RL:NONVAL:SPI:1998:3807,Spiders,1998,Animalia,Lepthyphantes zimmermanni,Tenuiphantes zimmermanni,,Boswevertje,Momenteel niet bedreigd,LC,,Regional,Maelfait_etal_1998,http://creativecommons.org/publicdomain/zero/1.0/,INBO,http://www.inbo.be/en/norms-for-data-use,UnValidated Red Lists of Flanders,http://marineregions.org/mrgid/2469,Flanders,BE,present,Least Concern (LC),Least Concern (LC) / LC,NONE_done,
INBO:RL:NONVAL:SPI:1998:3830,Spiders,1998,Animalia,Meioneta fuscipalpus,Agyneta fuscipalpa,Agyneta fuscipalpa,Getand probleemspinnetje,Zeldzaam,NT,,Regional,Maelfait_etal_1998,http://creativecommons.org/publicdomain/zero/1.0/,INBO,http://www.inbo.be/en/norms-for-data-use,UnValidated Red Lists of Flanders,http://marineregions.org/mrgid/2469,Flanders,BE,present,Near Threatened (NT),Near Threatened (NT) / NT,FUZZY_done,2136527
INBO:RL:NONVAL:SPI:1998:3853,Spiders,1998,Animalia,Milleriana inerrans,Collinsia inerrans,,Pionierdwergspin,Momenteel niet bedreigd,LC,,Regional,Maelfait_etal_1998,http://creativecommons.org/publicdomain/zero/1.0/,INBO,http://www.inbo.be/en/norms-for-data-use,UnValidated Red Lists of Flanders,http://marineregions.org/mrgid/2469,Flanders,BE,present,Least Concern (LC),Least Concern (LC) / LC,NONE_done,
INBO:RL:NONVAL:SPI:1998:3950,Spiders,1998,Animalia,Poecilochroa conspicua,Kishidaia conspicua,,Viervlekmuisspin,Zeldzaam,NT,,Regional,Maelfait_etal_1998,http://creativecommons.org/publicdomain/zero/1.0/,INBO,http://www.inbo.be/en/norms-for-data-use,UnValidated Red Lists of Flanders,http://marineregions.org/mrgid/2469,Flanders,BE,present,Near Threatened (NT),Near Threatened (NT) / NT,NONE_done,
INBO:RL:NONVAL:SPI:1998:3951,Spiders,1998,Animalia,Poeciloneta globosa,Poeciloneta variegata ,,Getekende hangmatspin,Momenteel niet bedreigd,LC,,Regional,Maelfait_etal_1998,http://creativecommons.org/publicdomain/zero/1.0/,INBO,http://www.inbo.be/en/norms-for-data-use,UnValidated Red Lists of Flanders,http://marineregions.org/mrgid/2469,Flanders,BE,present,Least Concern (LC),Least Concern (LC) / LC,NONE_done,
INBO:RL:NONVAL:SPI:1998:3991,Spiders,1998,Animalia,Sintula cornigera,Sintula corniger ??,,Bonte moeraswielspin,Waarschijnlijk bedreigd,DD(PT),,Regional,Maelfait_etal_1998,http://creativecommons.org/publicdomain/zero/1.0/,INBO,http://www.inbo.be/en/norms-for-data-use,UnValidated Red Lists of Flanders,http://marineregions.org/mrgid/2469,Flanders,BE,present,Probably Endangered,Probably Endangered / DD(PT),NONE_done,
INBO:RL:NONVAL:SPI:1998:4004,Spiders,1998,Animalia,Synaema globosum,Synema globosum,,Blinkende krabspin,Zeldzaam,NT,,Regional,Maelfait_etal_1998,http://creativecommons.org/publicdomain/zero/1.0/,INBO,http://www.inbo.be/en/norms-for-data-use,UnValidated Red Lists of Flanders,http://marineregions.org/mrgid/2469,Flanders,BE,present,Near Threatened (NT),Near Threatened (NT) / NT,NONE_done,
INBO:RL:NONVAL:SPI:1998:4036,Spiders,1998,Animalia,Theridion bimaculatum,Neottiura bimaculata,,Witbandkogelspin,Momenteel niet bedreigd,LC,,Regional,Maelfait_etal_1998,http://creativecommons.org/publicdomain/zero/1.0/,INBO,http://www.inbo.be/en/norms-for-data-use,UnValidated Red Lists of Flanders,http://marineregions.org/mrgid/2469,Flanders,BE,present,Least Concern (LC),Least Concern (LC) / LC,NONE_done,
INBO:RL:NONVAL:SPI:1998:4042,Spiders,1998,Animalia,Theridion instabile,Rugathodes instabilis,,Egaalpootje,Bedreigd,EN,,Regional,Maelfait_etal_1998,http://creativecommons.org/publicdomain/zero/1.0/,INBO,http://www.inbo.be/en/norms-for-data-use,UnValidated Red Lists of Flanders,http://marineregions.org/mrgid/2469,Flanders,BE,present,Endangered (EN),Endangered (EN) / EN,NONE_done,
INBO:RL:NONVAL:SPI:1998:4050,Spiders,1998,Animalia,Theridion uhlighi,Theridion uhligi,,Uhligh's kogelspin,Met uitsterven bedreigd,CR,,Regional,Maelfait_etal_1998,http://creativecommons.org/publicdomain/zero/1.0/,INBO,http://www.inbo.be/en/norms-for-data-use,UnValidated Red Lists of Flanders,http://marineregions.org/mrgid/2469,Flanders,BE,present,Critically Endangered (CR),Critically Endangered (CR) / CR,NONE_done,
INBO:RL:NONVAL:SPI:1998:4054,Spiders,1998,Animalia,Thyreostenius biovatus,Thyreosthenius biovatus,,Mier-groefkopje,Met uitsterven bedreigd,CR,,Regional,Maelfait_etal_1998,http://creativecommons.org/publicdomain/zero/1.0/,INBO,http://www.inbo.be/en/norms-for-data-use,UnValidated Red Lists of Flanders,http://marineregions.org/mrgid/2469,Flanders,BE,present,Critically Endangered (CR),Critically Endangered (CR) / CR,NONE_done,
INBO:RL:NONVAL:SPI:1998:4055,Spiders,1998,Animalia,Thyreostenius parasiticus,Thyreosthenius parasiticus,,Bodem-groefkopje,Momenteel niet bedreigd,LC,,Regional,Maelfait_etal_1998,http://creativecommons.org/publicdomain/zero/1.0/,INBO,http://www.inbo.be/en/norms-for-data-use,UnValidated Red Lists of Flanders,http://marineregions.org/mrgid/2469,Flanders,BE,present,Least Concern (LC),Least Concern (LC) / LC,NONE_done,
INBO:RL:NONVAL:SPI:1998:4063,Spiders,1998,Animalia,Trichoncus hackmanni,Trichoncus hackmani,Trichoncus hackmani,Strand-kontrastpootje,Met uitsterven bedreigd,CR,,Regional,Maelfait_etal_1998,http://creativecommons.org/publicdomain/zero/1.0/,INBO,http://www.inbo.be/en/norms-for-data-use,UnValidated Red Lists of Flanders,http://marineregions.org/mrgid/2469,Flanders,BE,present,Critically Endangered (CR),Critically Endangered (CR) / CR,FUZZY_done,2134461
INBO:RL:NONVAL:SPI:1998:4103,Spiders,1998,Animalia,Xysticus kempelini,Xysticus kempeleni,,Roodbruine struikkrabspin,Zeldzaam,NT,,Regional,Maelfait_etal_1998,http://creativecommons.org/publicdomain/zero/1.0/,INBO,http://www.inbo.be/en/norms-for-data-use,UnValidated Red Lists of Flanders,http://marineregions.org/mrgid/2469,Flanders,BE,present,Near Threatened (NT),Near Threatened (NT) / NT,NONE_done,
INBO:RL:NONVAL:SPI:1998:4116,Spiders,1998,Animalia,Zelotes lutetianus,Drassyllus lutetianus,,Moeraskampoot,Bedreigd,EN,,Regional,Maelfait_etal_1998,http://creativecommons.org/publicdomain/zero/1.0/,INBO,http://www.inbo.be/en/norms-for-data-use,UnValidated Red Lists of Flanders,http://marineregions.org/mrgid/2469,Flanders,BE,present,Endangered (EN),Endangered (EN) / EN,NONE_done,
INBO:RL:NONVAL:SPI:1998:4117,Spiders,1998,Animalia,Zelotes pedestris,Trachyzelotes pedestris,,Gewone kampoot,Bedreigd,EN,,Regional,Maelfait_etal_1998,http://creativecommons.org/publicdomain/zero/1.0/,INBO,http://www.inbo.be/en/norms-for-data-use,UnValidated Red Lists of Flanders,http://marineregions.org/mrgid/2469,Flanders,BE,present,Endangered (EN),Endangered (EN) / EN,NONE_done,
INBO:RL:NONVAL:SPI:1998:4119,Spiders,1998,Animalia,Zelotes praeficus,Drassyllus praeficus,,Zonnekampoot,Met uitsterven bedreigd,CR,,Regional,Maelfait_etal_1998,http://creativecommons.org/publicdomain/zero/1.0/,INBO,http://www.inbo.be/en/norms-for-data-use,UnValidated Red Lists of Flanders,http://marineregions.org/mrgid/2469,Flanders,BE,present,Critically Endangered (CR),Critically Endangered (CR) / CR,NONE_done,
INBO:RL:NONVAL:SPI:1998:4120,Spiders,1998,Animalia,Zelotes pusillus,Drassyllus pusillus,,Kleine kampoot,Momenteel niet bedreigd,LC,,Regional,Maelfait_etal_1998,http://creativecommons.org/publicdomain/zero/1.0/,INBO,http://www.inbo.be/en/norms-for-data-use,UnValidated Red Lists of Flanders,http://marineregions.org/mrgid/2469,Flanders,BE,present,Least Concern (LC),Least Concern (LC) / LC,NONE_done,
INBO:RL:NONVAL:WBE:1994:5315,Waterbeetles,1994,Animalia,Coelambus parallellogrammus,Coelambus parallelogrammus,Coelambus parallelogrammus,,Zeldzaam,NT,,ExpertJudgement,Bosmans_1994,http://creativecommons.org/publicdomain/zero/1.0/,INBO,http://www.inbo.be/en/norms-for-data-use,UnValidated Red Lists of Flanders,http://marineregions.org/mrgid/2469,Flanders,BE,present,Near Threatened (NT),Near Threatened (NT) / NT,FUZZY_done,4308860
INBO:RL:NONVAL:WBE:1994:5362,Waterbeetles,1994,Animalia,Haliplus wehnkei,Haliplus wehnckei ,,,Uitgestorven in Vlaanderen,RE,,ExpertJudgement,Bosmans_1994,http://creativecommons.org/publicdomain/zero/1.0/,INBO,http://www.inbo.be/en/norms-for-data-use,UnValidated Red Lists of Flanders,http://marineregions.org/mrgid/2469,Flanders,BE,present,Regionally Extinct (RE) in Flanders,Regionally Extinct (RE) in Flanders / RE,NONE_done,
INBO:RL:NONVAL:WBE:1994:5404,Waterbeetles,1994,Animalia,Nartus grapii,Rhantus grapii,Rhantus grapii,,Bedreigd,VU,,ExpertJudgement,Bosmans_1994,http://creativecommons.org/publicdomain/zero/1.0/,INBO,http://www.inbo.be/en/norms-for-data-use,UnValidated Red Lists of Flanders,http://marineregions.org/mrgid/2469,Flanders,BE,present,Endangered (EN),Endangered (EN) / VU,FUZZY_done,8501267
INBO:RL:NONVAL:WBE:1994:5412,Waterbeetles,1994,Animalia,Potamonectus canaliculatus,Potamonectes canaliculatus,,,Momenteel niet bedreigd,LC,,ExpertJudgement,Bosmans_1994,http://creativecommons.org/publicdomain/zero/1.0/,INBO,http://www.inbo.be/en/norms-for-data-use,UnValidated Red Lists of Flanders,http://marineregions.org/mrgid/2469,Flanders,BE,present,Least Concern (LC),Least Concern (LC) / LC,NONE_done,
INBO:RL:NONVAL:WBE:1994:5413,Waterbeetles,1994,Animalia,Potamonectus depressus elegans,Potamonectes depressus ??,,,Momenteel niet bedreigd,LC,,ExpertJudgement,Bosmans_1994,http://creativecommons.org/publicdomain/zero/1.0/,INBO,http://www.inbo.be/en/norms-for-data-use,UnValidated Red Lists of Flanders,http://marineregions.org/mrgid/2469,Flanders,BE,present,Least Concern (LC),Least Concern (LC) / LC,NONE_done,
INBO:RL:NONVAL:WBU:1994:5445,Waterbugs,1994,Animalia,Hesperocorixa linnei,Hesperocorixa linnaei,,Donkere moerwants,Momenteel niet bedreigd,LC,,ExpertJudgement,Bosmans_1994,http://creativecommons.org/publicdomain/zero/1.0/,INBO,http://www.inbo.be/en/norms-for-data-use,UnValidated Red Lists of Flanders,http://marineregions.org/mrgid/2469,Flanders,BE,present,Least Concern (LC),Least Concern (LC) / LC,NONE_done,
INBO:RL:NONVAL:WBU:1994:5466,Waterbugs,1994,Animalia,Plea leachi,Plea minutissima,,Dwergrugzwemmer,Momenteel niet bedreigd,LC,,ExpertJudgement,Bosmans_1994,http://creativecommons.org/publicdomain/zero/1.0/,INBO,http://www.inbo.be/en/norms-for-data-use,UnValidated Red Lists of Flanders,http://marineregions.org/mrgid/2469,Flanders,BE,present,Least Concern (LC),Least Concern (LC) / LC,NONE_done,
INBO:RL:NONVAL:WBU:1994:5471,Waterbugs,1994,Animalia,Sigara hellensi,Sigara hellensii,Sigara hellensii,Beeksigaar,Zeldzaam,NT,,ExpertJudgement,Bosmans_1994,http://creativecommons.org/publicdomain/zero/1.0/,INBO,http://www.inbo.be/en/norms-for-data-use,UnValidated Red Lists of Flanders,http://marineregions.org/mrgid/2469,Flanders,BE,present,Near Threatened (NT),Near Threatened (NT) / NT,FUZZY_done,4485437
INBO:RL:NONVAL:WBU:2001:5484,Waterbugs,2001,Animalia,Callicorixa concinna,Paracorixa concinna,,Streeppoot,Momenteel niet bedreigd,LC,,Regional,Bonte_etal_2001,http://creativecommons.org/publicdomain/zero/1.0/,INBO,http://www.inbo.be/en/norms-for-data-use,UnValidated Red Lists of Flanders,http://marineregions.org/mrgid/2469,Flanders,BE,present,Least Concern (LC),Least Concern (LC) / LC,NONE_done,
INBO:RL:NONVAL:WBU:2001:5490,Waterbugs,2001,Animalia,Cymatia bonsdorffii,Cymatia bonsdorffi,Cymatia bonsdorffi,Veenzwemmertje,Bedreigd,EN,,Regional,Bonte_etal_2001,http://creativecommons.org/publicdomain/zero/1.0/,INBO,http://www.inbo.be/en/norms-for-data-use,UnValidated Red Lists of Flanders,http://marineregions.org/mrgid/2469,Flanders,BE,present,Endangered (EN),Endangered (EN) / EN,FUZZY_done,6453952
INBO:RL:NONVAL:WBU:2001:5496,Waterbugs,2001,Animalia,Gerris najas,Aquarius najas ,,Beekschaatsenrijder,Met uitsterven bedreigd,CR,,Regional,Bonte_etal_2001,http://creativecommons.org/publicdomain/zero/1.0/,INBO,http://www.inbo.be/en/norms-for-data-use,UnValidated Red Lists of Flanders,http://marineregions.org/mrgid/2469,Flanders,BE,present,Critically Endangered (CR),Critically Endangered (CR) / CR,NONE_done,
INBO:RL:NONVAL:WBU:2001:5528,Waterbugs,2001,Animalia,Sigara hellensi,Sigara hellensii,Sigara hellensii,Beeksigaar,Zeldzaam,NT,,Regional,Bonte_etal_2001,http://creativecommons.org/publicdomain/zero/1.0/,INBO,http://www.inbo.be/en/norms-for-data-use,UnValidated Red Lists of Flanders,http://marineregions.org/mrgid/2469,Flanders,BE,present,Near Threatened (NT),Near Threatened (NT) / NT,FUZZY_done,4485437
