type,language,license,rightsHolder,accessRights,datasetID,datasetName,basisOfRecord,occurrenceID,recordedBy,individualCount,occurrenceStatus,eventID,eventDate_begin,eventDate_end,habitat,samplingProtocol,locationID,locality,continent,countryCode,stateProvince,municipality,decimalLatitude,decimalLongitude,geodeticDatum,coordinateUncertaintyInMeters,scientificName,kingdom,taxonRank,nomenclaturalCode
Event,en,http://creativecommons.org/publicdomain/zero/1.0/,Marc Pollet,http://www.inbo.be/en/norms-for-data-use,"",New Mediterranean Medetera with eye colour patterns,HumanObservation,Med:med:118253,Piluca √Ålvarez,1,present,ES:2015:006d:PA,2015-05-05,,along rivulet in the mountains,sweepnet,-,Abrucena,Europe,ES,Almer√≠a,-,37.11340,37.11340,WGS84,30,"Medetera aglaops Pollet, 2022",Animalia,species,ICZN
Event,en,http://creativecommons.org/publicdomain/zero/1.0/,Marc Pollet,http://www.inbo.be/en/norms-for-data-use,"",New Mediterranean Medetera with eye colour patterns,HumanObservation,Med:med:120534,Francisco Rodr√≠guez-Luque,1,present,ES:2017:003:PA,2017-05-11,,on rocks,sweepnet,-,Laujar de Andarax,Europe,ES,Almer√≠a,-,37.09063,37.09063,WGS84,30,"Medetera aglaops Pollet, 2022",Animalia,species,ICZN
Event,en,http://creativecommons.org/publicdomain/zero/1.0/,Marc Pollet,http://www.inbo.be/en/norms-for-data-use,"",New Mediterranean Medetera with eye colour patterns,HumanObservation,Med:med:118249,Piluca √Ålvarez,1,present,ES:2015:002a:PA,2015-03-26,,stony ground,sweepnet,-,V√≠car,Europe,ES,Almer√≠a,-,36.83890,36.83890,WGS84,30,"Medetera aglaops Pollet, 2022",Animalia,species,ICZN
Event,en,http://creativecommons.org/publicdomain/zero/1.0/,Marc Pollet,http://www.inbo.be/en/norms-for-data-use,"",New Mediterranean Medetera with eye colour patterns,HumanObservation,Med:med:117961,J. Mortelmans & D. Volckaert,3,present,ES:2020:004:JM,2020-03-11,,-,sweepnet,-,Corredor Verde,Europe,ES,Sevilla,Sanlucar la Mayor,37.39680,37.39680,WGS84,30,"Medetera aglaops Pollet, 2022",Animalia,species,ICZN
Event,en,http://creativecommons.org/publicdomain/zero/1.0/,Marc Pollet,http://www.inbo.be/en/norms-for-data-use,"",New Mediterranean Medetera with eye colour patterns,HumanObservation,Med:med:118250,Piluca √Ålvarez,2,present,ES:2015:006c:PA,2015-04-23,,dry river bed,sweepnet,-,Acequias,Europe,ES,Granada,-,36.96290,36.96290,WGS84,30,"Medetera aglaops Pollet, 2022",Animalia,species,ICZN
Event,en,http://creativecommons.org/publicdomain/zero/1.0/,Marc Pollet,http://www.inbo.be/en/norms-for-data-use,"",New Mediterranean Medetera with eye colour patterns,HumanObservation,Med:med:118258,Piluca √Ålvarez,4,present,ES:2015:007b:PA,2015-04-24,,on rocks in stony slope,sweepnet,-,El Cerro Gordo,Europe,ES,Granada,-,36.73355,36.73355,WGS84,30,"Medetera aglaops Pollet, 2022",Animalia,species,ICZN
Event,en,http://creativecommons.org/publicdomain/zero/1.0/,Marc Pollet,http://www.inbo.be/en/norms-for-data-use,"",New Mediterranean Medetera with eye colour patterns,HumanObservation,Med:med:118232,Piluca √Ålvarez,4,present,ES:2015:001b:PA,2015-04-24,,on rocks in dry riverbed,sweepnet,-,Lobres,Europe,ES,Granada,-,36.78600,36.78600,WGS84,30,"Medetera aglaops Pollet, 2022",Animalia,species,ICZN
Event,en,http://creativecommons.org/publicdomain/zero/1.0/,Marc Pollet,http://www.inbo.be/en/norms-for-data-use,"",New Mediterranean Medetera with eye colour patterns,HumanObservation,Med:med:120531,Piluca √Ålvarez,1,present,ES:2017:001:PA,2017-04-25,,on rocks at reservoir,sweepnet,-,Arg√©s,Europe,ES,Toledo,-,39.79655,39.79655,WGS84,30,"Medetera aglaops Pollet, 2022",Animalia,species,ICZN
Event,en,http://creativecommons.org/publicdomain/zero/1.0/,Marc Pollet,http://www.inbo.be/en/norms-for-data-use,"",New Mediterranean Medetera with eye colour patterns,HumanObservation,Med:med:120966,Claire Villemant,1,present,FR-COR:2020:025:MNHN,2019-06-29,2019-06-25,"aulnaie (aulne, sorbier, Èrable, genÍt, ajonc, Èglantier)",yellow pan tras,,Quenza,Europe,FR,Corse-du-Sud (2A),,41.83273,41.83273,WGS84,30,"Medetera aglaops Pollet, 2022",Animalia,species,ICZN
Event,en,http://creativecommons.org/publicdomain/zero/1.0/,Marc Pollet,http://www.inbo.be/en/norms-for-data-use,"",New Mediterranean Medetera with eye colour patterns,HumanObservation,Med:med:121134,"Eddy Poirier, R√©my Poncet & Julien Touroult",3,present,FR-COR:2020:147:MNHN,2020-06-05,2020-02-21,Maquis,Malaise trap,,Sorbollano,Europe,FR,Corse-du-Sud (2A),,41.76987,41.76987,WGS84,30,"Medetera aglaops Pollet, 2022",Animalia,species,ICZN
Event,en,http://creativecommons.org/publicdomain/zero/1.0/,Marc Pollet,http://www.inbo.be/en/norms-for-data-use,"",New Mediterranean Medetera with eye colour patterns,HumanObservation,Med:med:121149,Romain Le Divelec,1,present,FR-COR:2020:176:MNHN,2019-06-28,2019-06-24,-,yellow pan tras,,Zicavo,Europe,FR,Corse-du-Sud (2A),,41.87636,41.87636,WGS84,30,"Medetera aglaops Pollet, 2022",Animalia,species,ICZN
Event,en,http://creativecommons.org/publicdomain/zero/1.0/,Marc Pollet,http://www.inbo.be/en/norms-for-data-use,"",New Mediterranean Medetera with eye colour patterns,HumanObservation,Med:med:121063,Romain Le Divelec,3,present,FR-COR:2020:086:MNHN,2020-10-20,2020-10-17,-,pink pan traps,,Oletta,Europe,FR,Haute-Corse,,42.65401,42.65401,WGS84,30,"Medetera aglaops Pollet, 2022",Animalia,species,ICZN
Event,en,http://creativecommons.org/publicdomain/zero/1.0/,Marc Pollet,http://www.inbo.be/en/norms-for-data-use,"",New Mediterranean Medetera with eye colour patterns,HumanObservation,Med:med:121029,"Jean Ichter, Eddy Poirier, Julien Touroult & Camille Gazay",4,present,FR-COR:2020:060:MNHN,2020-10-21,2020-10-12,-,,,Palasca,Europe,FR,Haute-Corse,,42.66396,42.66396,WGS84,30,"Medetera aglaops Pollet, 2022",Animalia,species,ICZN
Event,en,http://creativecommons.org/publicdomain/zero/1.0/,Marc Pollet,http://www.inbo.be/en/norms-for-data-use,"",New Mediterranean Medetera with eye colour patterns,HumanObservation,Med:med:121030,"Jean Ichter, Eddy Poirier, Julien Touroult & Camille Gazay",2,present,FR-COR:2020:060:MNHN,2020-10-21,2020-10-12,-,,,Palasca,Europe,FR,Haute-Corse,,42.66396,42.66396,WGS84,30,"Medetera aglaops Pollet, 2022",Animalia,species,ICZN
Event,en,http://creativecommons.org/publicdomain/zero/1.0/,Marc Pollet,http://www.inbo.be/en/norms-for-data-use,"",New Mediterranean Medetera with eye colour patterns,HumanObservation,Med:med:121037,Eddy Poirier,4,present,FR-COR:2020:062:MNHN,2020-10-21,2020-10-12,ripisylve,Malaise trap,,Palasca,Europe,FR,Haute-Corse,,42.65948,42.65948,WGS84,30,"Medetera aglaops Pollet, 2022",Animalia,species,ICZN
Event,en,http://creativecommons.org/publicdomain/zero/1.0/,Marc Pollet,http://www.inbo.be/en/norms-for-data-use,"",New Mediterranean Medetera with eye colour patterns,HumanObservation,Med:med:121041,Eddy Poirier,1,present,FR-COR:2020:062:MNHN,2020-10-21,2020-10-12,ripisylve,Malaise trap,,Palasca,Europe,FR,Haute-Corse,,42.65948,42.65948,WGS84,30,"Medetera aglaops Pollet, 2022",Animalia,species,ICZN
Event,en,http://creativecommons.org/publicdomain/zero/1.0/,Marc Pollet,http://www.inbo.be/en/norms-for-data-use,"",New Mediterranean Medetera with eye colour patterns,HumanObservation,Med:med:116596,Fr√©d√©ric Belin,3,present,FR:2022:045:FB,2022-05-03,2022-05-03,on large stones in maquis,collected by hand,,Mandelieu,Europe,FR,Alpes-Maritimes,,43.52177,43.52177,WGS84,30,"Medetera aglaops Pollet, 2022",Animalia,species,ICZN
Event,en,http://creativecommons.org/publicdomain/zero/1.0/,Marc Pollet,http://www.inbo.be/en/norms-for-data-use,"",New Mediterranean Medetera with eye colour patterns,HumanObservation,Med:med:118397,G. Chessa,1,present,IT:2006:009:GN,2006-05-01,2006-04-17,on left bank of rio d'Oridda on plateau with secondary garrigue,Malaise trap,S3 [SAR06-S3-4¬∞],Domusnovas,Europe,IT,Carbonia-Iglesias,-,39.40893,39.40893,WGS84,30,"Medetera aglaops Pollet, 2022",Animalia,species,ICZN
Event,en,http://creativecommons.org/publicdomain/zero/1.0/,Marc Pollet,http://www.inbo.be/en/norms-for-data-use,"",New Mediterranean Medetera with eye colour patterns,HumanObservation,Med:med:118405,"D. Birtele, P. Cerretti, E. Gatti, F. Mason & D. Whitmore",5,present,IT:2006:024:GN,2004-09-24,2004-09-21,radura con Foeniculum vulgaris,Malaise trap,Plot Conecofor SAR1,Iglesias,Europe,IT,Carbonia-Iglesias,-,39.34589,39.34589,WGS84,30,"Medetera aglaops Pollet, 2022",Animalia,species,ICZN
Event,en,http://creativecommons.org/publicdomain/zero/1.0/,Marc Pollet,http://www.inbo.be/en/norms-for-data-use,"",New Mediterranean Medetera with eye colour patterns,HumanObservation,Med:med:118375,G. Chessa,2,present,IT:2006:001:GN,2006-05-01,2006-04-17,at edge of Quercus suber forest in shrubby vegetation in valley,Malaise trap,S1 [SAR06-S1-3'],Iglesias,Europe,IT,Carbonia-Iglesias,-,39.34759,39.34759,WGS84,30,"Medetera aglaops Pollet, 2022",Animalia,species,ICZN
Event,en,http://creativecommons.org/publicdomain/zero/1.0/,Marc Pollet,http://www.inbo.be/en/norms-for-data-use,"",New Mediterranean Medetera with eye colour patterns,HumanObservation,Med:med:118404,G. Chessa,1,present,IT:2006:015:GN,2006-05-15,2006-05-01,at edge of Quercus suber forest in shrubby vegetation in valley,Malaise trap,S1 [SAR06-S1-3'],Iglesias,Europe,IT,Carbonia-Iglesias,-,39.34759,39.34759,WGS84,30,"Medetera aglaops Pollet, 2022",Animalia,species,ICZN
Event,en,http://creativecommons.org/publicdomain/zero/1.0/,Marc Pollet,http://www.inbo.be/en/norms-for-data-use,"",New Mediterranean Medetera with eye colour patterns,HumanObservation,Med:med:119101,G. Chessa,2,present,IT:2006:029:GN,2006-06-12,2006-05-29,at edge of Quercus suber forest in shrubby vegetation in valley,Malaise trap,S1 [SAR06-S1-6¬∞],Iglesias,Europe,IT,Carbonia-Iglesias,-,39.34759,39.34759,WGS84,30,"Medetera aglaops Pollet, 2022",Animalia,species,ICZN
Event,en,http://creativecommons.org/publicdomain/zero/1.0/,Marc Pollet,http://www.inbo.be/en/norms-for-data-use,"",New Mediterranean Medetera with eye colour patterns,HumanObservation,Med:med:118143,Piluca √Ålvarez,1,present,ES:2015:004a:PA,2015-08-01,,lush vegetation along mountain rivulet,sweepnet,-,Bay√°rcal,Europe,ES,Almer√≠a,-,37.07460,37.07460,WGS84,30,"Medetera hispanica Pollet, 2022",Animalia,species,ICZN
Event,en,http://creativecommons.org/publicdomain/zero/1.0/,Marc Pollet,http://www.inbo.be/en/norms-for-data-use,"",New Mediterranean Medetera with eye colour patterns,HumanObservation,Med:med:118150,Piluca √Ålvarez,1,present,ES:2017:001:PA,2017-04-25,,on rocks at reservoir,sweepnet,-,Arg√©s,Europe,ES,Toledo,-,39.79655,39.79655,WGS84,30,"Medetera hispanica Pollet, 2022",Animalia,species,ICZN
Event,en,http://creativecommons.org/publicdomain/zero/1.0/,Marc Pollet,http://www.inbo.be/en/norms-for-data-use,"",New Mediterranean Medetera with eye colour patterns,HumanObservation,Med:med:118191,G. Chessa,1,present,IT:2006:031:GN,2005-07-13,2005-06-15,-,Malaise trap,Plot Conecofor SAR1,Iglesias,Europe,IT,Carbonia-Iglesias,-,39.35443,39.35443,WGS84,30,"Medetera parva Pollet, 2022",Animalia,species,ICZN
Event,en,http://creativecommons.org/publicdomain/zero/1.0/,Marc Pollet,http://www.inbo.be/en/norms-for-data-use,"",New Mediterranean Medetera with eye colour patterns,HumanObservation,Med:med:118170,G. Chessa,1,present,IT:2006:031:GN,2005-07-13,2005-06-15,-,Malaise trap,Plot Conecofor SAR1,Iglesias,Europe,IT,Carbonia-Iglesias,-,39.35443,39.35443,WGS84,30,"Medetera parva Pollet, 2022",Animalia,species,ICZN
Event,en,http://creativecommons.org/publicdomain/zero/1.0/,Marc Pollet,http://www.inbo.be/en/norms-for-data-use,"",New Mediterranean Medetera with eye colour patterns,HumanObservation,Med:med:118161,G. Chessa,1,present,IT:2006:008:GN,2005-08-04,2005-07-13,-,Malaise trap,Plot Conecofor SAR1,Iglesias,Europe,IT,Carbonia-Iglesias,-,39.35443,39.35443,WGS84,30,"Medetera parva Pollet, 2022",Animalia,species,ICZN
Event,en,http://creativecommons.org/publicdomain/zero/1.0/,Marc Pollet,http://www.inbo.be/en/norms-for-data-use,"",New Mediterranean Medetera with eye colour patterns,HumanObservation,Med:med:116536,Fr√©d√©ric Belin,1,present,FR:2021:050:FB,2021-06-03,2021-06-03,on flagstones along a stream,collected by hand,,Gourdon,Europe,FR,Alpes-Maritimes,,43.72186,43.72186,WGS84,30,"Medetera rectipyga Pollet, 2022",Animalia,species,ICZN
Event,en,http://creativecommons.org/publicdomain/zero/1.0/,Marc Pollet,http://www.inbo.be/en/norms-for-data-use,"",New Mediterranean Medetera with eye colour patterns,HumanObservation,Med:med:116603,Fr√©d√©ric Belin,2,present,FR:2022:069:FB,2022-06-08,2022-06-08,on the soil (stone),collected by hand,,Saint-Vallier-de-Thiey,Europe,FR,Alpes-Maritimes,,43.69925,43.69925,WGS84,30,"Medetera rectipyga Pollet, 2022",Animalia,species,ICZN
Event,en,http://creativecommons.org/publicdomain/zero/1.0/,Marc Pollet,http://www.inbo.be/en/norms-for-data-use,"",New Mediterranean Medetera with eye colour patterns,HumanObservation,Med:med:116528,Fr√©d√©ric Belin,1,present,FR:2021:043:FB,2021-05-24,2021-05-24,on a large rock in garigue,collected by hand,,Vence,Europe,FR,Alpes-Maritimes,,43.71860,43.71860,WGS84,30,"Medetera rectipyga Pollet, 2022",Animalia,species,ICZN
Event,en,http://creativecommons.org/publicdomain/zero/1.0/,Marc Pollet,http://www.inbo.be/en/norms-for-data-use,"",New Mediterranean Medetera with eye colour patterns,HumanObservation,Med:med:118312,Ana Gon√ßalves & Rui Andrade,3,present,ES:2015:231:AG&RA,2015-05-10,,small building next to a road and other buildings in overall agricultural landscape,collected by hand,-,Villaquir√°n de los Infantes,Europe,ES,Burgos,-,42.21656,42.21656,WGS84,30,"Medetera aglaops Pollet, 2022",Animalia,species,ICZN
Event,en,http://creativecommons.org/publicdomain/zero/1.0/,Marc Pollet,http://www.inbo.be/en/norms-for-data-use,"",New Mediterranean Medetera with eye colour patterns,HumanObservation,Med:med:118222,Rui Andrade,1,present,ES:2014:215:RA,2014-05-14,,shrubland with some Quercus pyrenaica,sweepnet,-,Villasur de Herreros,Europe,ES,Burgos,-,42.31172,42.31172,WGS84,30,"Medetera aglaops Pollet, 2022",Animalia,species,ICZN
Event,en,http://creativecommons.org/publicdomain/zero/1.0/,Marc Pollet,http://www.inbo.be/en/norms-for-data-use,"",New Mediterranean Medetera with eye colour patterns,HumanObservation,Med:med:118282,Rui Andrade,1,present,ES:2015:175:RA,2015-04-01,,"small river bordered by lush herbaceous vegetation with Malvaceae, Rubiaceae, Polygonaceae, Juncaceae and grasses, and crossing mediterranean shrubland",sweepnet,-,Valencia del Ventoso,Europe,ES,Badajoz,-,38.28178,38.28178,WGS84,30,"Medetera aglaops Pollet, 2022",Animalia,species,ICZN
Event,en,http://creativecommons.org/publicdomain/zero/1.0/,Marc Pollet,http://www.inbo.be/en/norms-for-data-use,"",New Mediterranean Medetera with eye colour patterns,HumanObservation,Med:med:117946,Rui Andrade & Ana Gon√ßalves,1,present,ES:2016:337:RA&AG,2016-04-14,,mediterranean forest and shrubland with pines and Quercus spp.,sweepnet,-,Abertura,Europe,ES,C√°ceres,-,39.57333,39.57333,WGS84,30,"Medetera aglaops Pollet, 2022",Animalia,species,ICZN
Event,en,http://creativecommons.org/publicdomain/zero/1.0/,Marc Pollet,http://www.inbo.be/en/norms-for-data-use,"",New Mediterranean Medetera with eye colour patterns,HumanObservation,Med:med:118225,Rui Andrade,1,present,ES:2014:236:RA,2014-05-10,,mountainous site mostly covered by Quercus ilex and Quercus rotundifolia; also with several cherry trees near the village of Covas,sweepnet,-,Rubi√°,Europe,ES,Ourense,-,42.48228,42.48228,WGS84,30,"Medetera aglaops Pollet, 2022",Animalia,species,ICZN
Event,en,http://creativecommons.org/publicdomain/zero/1.0/,Marc Pollet,http://www.inbo.be/en/norms-for-data-use,"",New Mediterranean Medetera with eye colour patterns,HumanObservation,Med:med:120530,J.L. Cama√±o,1,present,ABIGA:64729,2009-06-13,,open field on limestone soil,sweepnet,,Teixeira,Europe,ES,Ourense,Folgoso do Courel,42.69011,42.69011,WGS84,30,"Medetera aglaops Pollet, 2022",Animalia,species,ICZN
Event,en,http://creativecommons.org/publicdomain/zero/1.0/,Marc Pollet,http://www.inbo.be/en/norms-for-data-use,"",New Mediterranean Medetera with eye colour patterns,HumanObservation,Med:med:118212,J.L. Cama√±o,1,present,ABIGA:8302,2007-10-11,,open zone with grass near river,sweepnet,,San Marti√±o,Europe,ES,Ourense,Quiroga,42.39069,42.39069,WGS84,30,"Medetera aglaops Pollet, 2022",Animalia,species,ICZN
Event,en,http://creativecommons.org/publicdomain/zero/1.0/,Marc Pollet,http://www.inbo.be/en/norms-for-data-use,"",New Mediterranean Medetera with eye colour patterns,HumanObservation,Med:med:120667,A. Sendra,2,present,ES:250308ST96:A007,2008-04-03,,entrance of cave,yellow and red pan traps,-,Alfaz del Pi,Europe,ES,Alicante,Alfaz del Pi,38.57919,38.57919,WGS84,30,"Medetera aglaops Pollet, 2022",Animalia,species,ICZN
Event,en,http://creativecommons.org/publicdomain/zero/1.0/,Marc Pollet,http://www.inbo.be/en/norms-for-data-use,"",New Mediterranean Medetera with eye colour patterns,HumanObservation,Med:med:120666,A. Sendra,3,present,ES:250308ST58:A005,2008-04-03,,entrance of cave,yellow and red pan traps,-,Alfaz del Pi,Europe,ES,Alicante,Alfaz del Pi,38.57919,38.57919,WGS84,30,"Medetera aglaops Pollet, 2022",Animalia,species,ICZN
Event,en,http://creativecommons.org/publicdomain/zero/1.0/,Marc Pollet,http://www.inbo.be/en/norms-for-data-use,"",New Mediterranean Medetera with eye colour patterns,HumanObservation,Med:med:120665,A. Sendra,1,present,ES:250308ST82:A006,2008-04-03,,entrance of cave,yellow and red pan traps,-,Alfaz del Pi,Europe,ES,Alicante,Alfaz del Pi,38.57919,38.57919,WGS84,30,"Medetera aglaops Pollet, 2022",Animalia,species,ICZN
Event,en,http://creativecommons.org/publicdomain/zero/1.0/,Marc Pollet,http://www.inbo.be/en/norms-for-data-use,"",New Mediterranean Medetera with eye colour patterns,HumanObservation,Med:med:120683,Sergio Montagud et al.,1,present,ES:290508PJ51,2006-05-05,,cultivated fields of almond-trees,yellow and red pan traps,-,Terrenos de labor,Europe,ES,Valencia,Enguera,38.97850,38.97850,WGS84,30,"Medetera aglaops Pollet, 2022",Animalia,species,ICZN
Event,en,http://creativecommons.org/publicdomain/zero/1.0/,Marc Pollet,http://www.inbo.be/en/norms-for-data-use,"",New Mediterranean Medetera with eye colour patterns,HumanObservation,Med:med:98187,Rui Andrade,6,present,PT:2015:183:RA,2015-03-13,,mediterranean shrubland with big rocks scattered across the landscape and forest patches of Quercus pyrenaica and Quercus suber,sweepnet,-,Santa Maria de Marv√£o,Europe,PT,Alto Alentejo,Marv√£o,39.39700,39.39700,WGS84,30,"Medetera aglaops Pollet, 2022",Animalia,species,ICZN
Event,en,http://creativecommons.org/publicdomain/zero/1.0/,Marc Pollet,http://www.inbo.be/en/norms-for-data-use,"",New Mediterranean Medetera with eye colour patterns,HumanObservation,Med:med:97164,Rui Andrade,1,present,PT:2013:082:RA,2013-04-24,,"mountainous location with a mixed forest incl. Pinus pinaster, Quercus pyrenaica, and Castanea sativa",sweepnet,-,Aldeias,Europe,PT,Beira Alta,Gouveia,40.46817,40.46817,WGS84,30,"Medetera aglaops Pollet, 2022",Animalia,species,ICZN
Event,en,http://creativecommons.org/publicdomain/zero/1.0/,Marc Pollet,http://www.inbo.be/en/norms-for-data-use,"",New Mediterranean Medetera with eye colour patterns,HumanObservation,Med:med:97252,Ana Rita Gon√ßalves,1,present,PT:2014:204:AG,2014-09-02,,"rocky mountain river, surrounded by scattered trees (e.g. Salix spp.), with low shrubland on the mountain slopes",sweepnet,-,Loriga,Europe,PT,Beira Alta,Seia,40.32813,40.32813,WGS84,30,"Medetera aglaops Pollet, 2022",Animalia,species,ICZN
Event,en,http://creativecommons.org/publicdomain/zero/1.0/,Marc Pollet,http://www.inbo.be/en/norms-for-data-use,"",New Mediterranean Medetera with eye colour patterns,HumanObservation,Med:med:97263,Rui Andrade,1,present,PT:2013:227:RA,2013-09-20,,"dam in very rocky mountain landscape with many shrubs, in particular heathers (Ericaceae)",sweepnet,-,Sabugueiro,Europe,PT,Beira Alta,Seia,40.36508,40.36508,WGS84,30,"Medetera aglaops Pollet, 2022",Animalia,species,ICZN
Event,en,http://creativecommons.org/publicdomain/zero/1.0/,Marc Pollet,http://www.inbo.be/en/norms-for-data-use,"",New Mediterranean Medetera with eye colour patterns,HumanObservation,Med:med:97113,Ana Rita Gon√ßalves,1,present,PT:2013:110:AG,2013-05-08,,botanical garden with artifical ponds and fountains (most pecimens collected at the ponds or on walls under the canopy of Tilia trees),collected by hand,-,S√© Nova,Europe,PT,Beira Litoral,Coimbra,40.20556,40.20556,WGS84,30,"Medetera aglaops Pollet, 2022",Animalia,species,ICZN
Event,en,http://creativecommons.org/publicdomain/zero/1.0/,Marc Pollet,http://www.inbo.be/en/norms-for-data-use,"",New Mediterranean Medetera with eye colour patterns,HumanObservation,Med:med:98032,Rui Andrade,1,present,PT:2015:381:RA,2015-10-07,,"dam surrounded by pine forest and mediterranean shrubland with some Quercus spp., with large very steep rocky surface nearby",sweepnet,-,Vidual,Europe,PT,Beira Litoral,Pampilhosa da Serra,40.09097,40.09097,WGS84,30,"Medetera aglaops Pollet, 2022",Animalia,species,ICZN
Event,en,http://creativecommons.org/publicdomain/zero/1.0/,Marc Pollet,http://www.inbo.be/en/norms-for-data-use,"",New Mediterranean Medetera with eye colour patterns,HumanObservation,Med:med:95610,Rui Andrade,1,present,PT:2010:001:RA,2010-05-05,2010-05-05,"mountainous area crossed by a small river bordered by Salix sp., Fraxinus sp., Acacia sp. and Alnus glutinosa; Eucalyptus sp., Ulex sp., Pterospartum tridentatum, Calluna vulgaris and other species of heather common up mountain slope",sweepnet,-,Valongo,Europe,PT,Douro Litoral,Valongo,41.15928,41.15928,WGS84,30,"Medetera aglaops Pollet, 2022",Animalia,species,ICZN
Event,en,http://creativecommons.org/publicdomain/zero/1.0/,Marc Pollet,http://www.inbo.be/en/norms-for-data-use,"",New Mediterranean Medetera with eye colour patterns,HumanObservation,Med:med:95634,Rui Andrade,3,present,PT:2010:006:RA,2010-05-16,2010-05-16,"mountainous area crossed by a small river bordered by Salix sp., Fraxinus sp., Acacia sp. and Alnus glutinosa; Eucalyptus sp., Ulex sp., Pterospartum tridentatum, Calluna vulgaris and other species of heather common up mountain slope",sweepnet,-,Valongo,Europe,PT,Douro Litoral,Valongo,41.15928,41.15928,WGS84,30,"Medetera aglaops Pollet, 2022",Animalia,species,ICZN
Event,en,http://creativecommons.org/publicdomain/zero/1.0/,Marc Pollet,http://www.inbo.be/en/norms-for-data-use,"",New Mediterranean Medetera with eye colour patterns,HumanObservation,Med:med:97446,Rui Andrade,1,present,PT:2012:135:RA,2012-06-12,,"mountainous area crossed by a small river bordered by Salix sp., Fraxinus sp., Acacia sp. and Alnus glutinosa; Eucalyptus sp., Ulex sp., Pterospartum tridentatum, Calluna vulgaris and other species of heather common up mountain slope",sweepnet,-,Valongo,Europe,PT,Douro Litoral,Valongo,41.15928,41.15928,WGS84,30,"Medetera aglaops Pollet, 2022",Animalia,species,ICZN
Event,en,http://creativecommons.org/publicdomain/zero/1.0/,Marc Pollet,http://www.inbo.be/en/norms-for-data-use,"",New Mediterranean Medetera with eye colour patterns,HumanObservation,Med:med:97416,Rui Andrade,1,present,PT:2013:034:RA,2013-05-22,,"mountainous area crossed by a small river bordered by Salix sp., Fraxinus sp., Acacia sp. and Alnus glutinosa; Eucalyptus sp., Ulex sp., Pterospartum tridentatum, Calluna vulgaris and other species of heather common up mountain slope",sweepnet,-,Valongo,Europe,PT,Douro Litoral,Valongo,41.15928,41.15928,WGS84,30,"Medetera aglaops Pollet, 2022",Animalia,species,ICZN
Event,en,http://creativecommons.org/publicdomain/zero/1.0/,Marc Pollet,http://www.inbo.be/en/norms-for-data-use,"",New Mediterranean Medetera with eye colour patterns,HumanObservation,Med:med:96288,Rui Andrade,4,present,PT:2009:135:RA,2009-05-19,2009-05-19,"Parque Municipal da Lavandeira (city park of  11 ha created for recreational purposes, with extensive lawns and a small stream crossing the park and bordered by trees)",collected by hand,-,Oliveira do Douro,Europe,PT,Douro Litoral,Vila Nova de Gaia,41.12178,41.12178,WGS84,30,"Medetera aglaops Pollet, 2022",Animalia,species,ICZN
Event,en,http://creativecommons.org/publicdomain/zero/1.0/,Marc Pollet,http://www.inbo.be/en/norms-for-data-use,"",New Mediterranean Medetera with eye colour patterns,HumanObservation,Med:med:97311,Rui Andrade,3,present,PT:2012:026:RA,2012-09-19,,"marshland with Phragmites australis, Typha latifolia and several Cyperaceae, and trees (e.g., Salix spp., Alnus glutinosa, Fraxinus angustifolia, Populus nigra, Quercus spp.)",sweepnet,-,Tornada,Europe,PT,Estremadura,Caldas da Rainha,39.44800,39.44800,WGS84,30,"Medetera aglaops Pollet, 2022",Animalia,species,ICZN
Event,en,http://creativecommons.org/publicdomain/zero/1.0/,Marc Pollet,http://www.inbo.be/en/norms-for-data-use,"",New Mediterranean Medetera with eye colour patterns,HumanObservation,Med:med:97324,Rui Andrade,5,present,PT:2012:106:RA,2012-09-21,,"marshland with Phragmites australis, Typha latifolia and several Cyperaceae, and trees (e.g., Salix spp., Alnus glutinosa, Fraxinus angustifolia, Populus nigra, Quercus spp.)",sweepnet,-,Tornada,Europe,PT,Estremadura,Caldas da Rainha,39.44800,39.44800,WGS84,30,"Medetera aglaops Pollet, 2022",Animalia,species,ICZN
Event,en,http://creativecommons.org/publicdomain/zero/1.0/,Marc Pollet,http://www.inbo.be/en/norms-for-data-use,"",New Mediterranean Medetera with eye colour patterns,HumanObservation,Med:med:97312,Rui Andrade,1,present,PT:2012:037:RA,2012-09-25,,"marshland with Phragmites australis, Typha latifolia and several Cyperaceae, and trees (e.g., Salix spp., Alnus glutinosa, Fraxinus angustifolia, Populus nigra, Quercus spp.)",sweepnet,-,Tornada,Europe,PT,Estremadura,Caldas da Rainha,39.44800,39.44800,WGS84,30,"Medetera aglaops Pollet, 2022",Animalia,species,ICZN
Event,en,http://creativecommons.org/publicdomain/zero/1.0/,Marc Pollet,http://www.inbo.be/en/norms-for-data-use,"",New Mediterranean Medetera with eye colour patterns,HumanObservation,Med:med:97342,Rui Andrade,3,present,PT:2013:237:RA,2013-08-21,,"agricultural fields with courgette and tomatoes, bordered by Arundo donax",sweepnet,-,A dos Cunhados,Europe,PT,Estremadura,Torres Vedras,39.16561,39.16561,WGS84,30,"Medetera aglaops Pollet, 2022",Animalia,species,ICZN
Event,en,http://creativecommons.org/publicdomain/zero/1.0/,Marc Pollet,http://www.inbo.be/en/norms-for-data-use,"",New Mediterranean Medetera with eye colour patterns,HumanObservation,Med:med:99752,Rui Andrade,1,present,PT:2013:185:RA,2013-09-18,,"agricultural fields with courgette and tomatoes, bordered by Arundo donax",sweepnet,-,A dos Cunhados,Europe,PT,Estremadura,Torres Vedras,39.16561,39.16561,WGS84,30,"Medetera aglaops Pollet, 2022",Animalia,species,ICZN
Event,en,http://creativecommons.org/publicdomain/zero/1.0/,Marc Pollet,http://www.inbo.be/en/norms-for-data-use,"",New Mediterranean Medetera with eye colour patterns,HumanObservation,Med:med:97346,Rui Andrade,11,present,PT:2013:185:RA,2013-09-18,,"agricultural fields with courgette and tomatoes, bordered by Arundo donax",sweepnet,-,A dos Cunhados,Europe,PT,Estremadura,Torres Vedras,39.16561,39.16561,WGS84,30,"Medetera aglaops Pollet, 2022",Animalia,species,ICZN
Event,en,http://creativecommons.org/publicdomain/zero/1.0/,Marc Pollet,http://www.inbo.be/en/norms-for-data-use,"",New Mediterranean Medetera with eye colour patterns,HumanObservation,Med:med:97344,Rui Andrade,1,present,PT:2013:292:RA,2013-09-18,,"agricultural fields with courgette and tomatoes, bordered by Arundo donax",collected by hand,-,A dos Cunhados,Europe,PT,Estremadura,Torres Vedras,39.16561,39.16561,WGS84,30,"Medetera aglaops Pollet, 2022",Animalia,species,ICZN
Event,en,http://creativecommons.org/publicdomain/zero/1.0/,Marc Pollet,http://www.inbo.be/en/norms-for-data-use,"",New Mediterranean Medetera with eye colour patterns,HumanObservation,Med:med:96290,Rui Andrade,14,present,PT:2009:137:RA,2009-05-07,2009-05-07,"mosaic of agricultural fields surrounded by small patches of forest (mainly Eucalyptus sp., Quercus robur, Pinus pinaster, Frangula alnus and Salix atrocinerea) with a rich undergrowth",collected by hand,-,Gilmonde,Europe,PT,Minho,Barcelos,41.51194,41.51194,WGS84,30,"Medetera aglaops Pollet, 2022",Animalia,species,ICZN
Event,en,http://creativecommons.org/publicdomain/zero/1.0/,Marc Pollet,http://www.inbo.be/en/norms-for-data-use,"",New Mediterranean Medetera with eye colour patterns,HumanObservation,Med:med:96640,Rui Andrade,5,present,PT:2012:117:RA,2012-05-20,,"mosaic of agricultural fields surrounded by small patches of forest (mainly Eucalyptus sp., Quercus robur, Pinus pinaster, Frangula alnus and Salix atrocinerea) with a rich undergrowth",sweepnet,-,Gilmonde,Europe,PT,Minho,Barcelos,41.51194,41.51194,WGS84,30,"Medetera aglaops Pollet, 2022",Animalia,species,ICZN
Event,en,http://creativecommons.org/publicdomain/zero/1.0/,Marc Pollet,http://www.inbo.be/en/norms-for-data-use,"",New Mediterranean Medetera with eye colour patterns,HumanObservation,Med:med:96629,Rui Andrade,5,present,PT:2012:015:RA,2012-06-03,,"mosaic of agricultural fields surrounded by small patches of forest (mainly Eucalyptus sp., Quercus robur, Pinus pinaster, Frangula alnus and Salix atrocinerea) with a rich undergrowth",sweepnet,-,Gilmonde,Europe,PT,Minho,Barcelos,41.51194,41.51194,WGS84,30,"Medetera aglaops Pollet, 2022",Animalia,species,ICZN
Event,en,http://creativecommons.org/publicdomain/zero/1.0/,Marc Pollet,http://www.inbo.be/en/norms-for-data-use,"",New Mediterranean Medetera with eye colour patterns,HumanObservation,Med:med:96669,Rui Andrade,1,present,PT:2012:325:RA,2012-06-03,2012-05-20,"mosaic of agricultural fields surrounded by small patches of forest (mainly Eucalyptus sp., Quercus robur, Pinus pinaster, Frangula alnus and Salix atrocinerea) with a rich undergrowth",Malaise trap,-,Gilmonde,Europe,PT,Minho,Barcelos,41.51167,41.51167,WGS84,30,"Medetera aglaops Pollet, 2022",Animalia,species,ICZN
Event,en,http://creativecommons.org/publicdomain/zero/1.0/,Marc Pollet,http://www.inbo.be/en/norms-for-data-use,"",New Mediterranean Medetera with eye colour patterns,HumanObservation,Med:med:96626,Rui Andrade,4,present,PT:2013:007:RA,2013-04-13,,"mosaic of agricultural fields surrounded by small patches of forest (mainly Eucalyptus sp., Quercus robur, Pinus pinaster, Frangula alnus and Salix atrocinerea) with a rich undergrowth",sweepnet,-,Gilmonde,Europe,PT,Minho,Barcelos,41.51194,41.51194,WGS84,30,"Medetera aglaops Pollet, 2022",Animalia,species,ICZN
Event,en,http://creativecommons.org/publicdomain/zero/1.0/,Marc Pollet,http://www.inbo.be/en/norms-for-data-use,"",New Mediterranean Medetera with eye colour patterns,HumanObservation,Med:med:96681,Rui Andrade,3,present,PT:2012:069:RA,2012-05-22,,-,sweepnet,-,Ap√∫lia,Europe,PT,Minho,Esposende,41.47122,41.47122,WGS84,30,"Medetera aglaops Pollet, 2022",Animalia,species,ICZN
Event,en,http://creativecommons.org/publicdomain/zero/1.0/,Marc Pollet,http://www.inbo.be/en/norms-for-data-use,"",New Mediterranean Medetera with eye colour patterns,HumanObservation,Med:med:96682,Rui Andrade,1,present,PT:2012:069:RA,2012-05-22,,-,sweepnet,-,Ap√∫lia,Europe,PT,Minho,Esposende,41.47122,41.47122,WGS84,30,"Medetera aglaops Pollet, 2022",Animalia,species,ICZN
Event,en,http://creativecommons.org/publicdomain/zero/1.0/,Marc Pollet,http://www.inbo.be/en/norms-for-data-use,"",New Mediterranean Medetera with eye colour patterns,HumanObservation,Med:med:96692,Rui Andrade,1,present,PT:2015:323:RA,2015-04-18,,-,sweepnet,-,Ap√∫lia,Europe,PT,Minho,Esposende,41.47122,41.47122,WGS84,30,"Medetera aglaops Pollet, 2022",Animalia,species,ICZN
Event,en,http://creativecommons.org/publicdomain/zero/1.0/,Marc Pollet,http://www.inbo.be/en/norms-for-data-use,"",New Mediterranean Medetera with eye colour patterns,HumanObservation,Med:med:96700,Rui Andrade,1,present,PT:2013:020:RA,2013-04-14,,"margins of the C·vado river in a mosaic landscape with woodlands (mainly Pinus pinaster, Quercus robur and Salix atrocinerea), grasslands, agricultural fields and ponds",sweepnet,-,Rio Tinto,Europe,PT,Minho,Esposende,41.50469,41.50469,WGS84,30,"Medetera aglaops Pollet, 2022",Animalia,species,ICZN
Event,en,http://creativecommons.org/publicdomain/zero/1.0/,Marc Pollet,http://www.inbo.be/en/norms-for-data-use,"",New Mediterranean Medetera with eye colour patterns,HumanObservation,Med:med:96461,Rui Andrade,1,present,PT:2011:235:RA,2010-07-23,2010-07-23,"mixed woodland in a mountainous area, mainly composed of Quercus robur, Eucalyptus sp., Pinus pinaster, Acacia sp. and also some ornamental trees",collected by hand,-,Vilar da Veiga,Europe,PT,Minho,Terras de Bouro,41.73797,41.73797,WGS84,30,"Medetera aglaops Pollet, 2022",Animalia,species,ICZN
Event,en,http://creativecommons.org/publicdomain/zero/1.0/,Marc Pollet,http://www.inbo.be/en/norms-for-data-use,"",New Mediterranean Medetera with eye colour patterns,HumanObservation,Med:med:95758,Rui Andrade,1,present,PT:2011:004:RA,2011-03-29,2011-03-29,"riparian corridor of a small stream with Salix sp., Alnus glutinosa and Arundo donax. Going up the hill there are olive orchards",sweepnet,-,Santa Margarida da Coutada,Europe,PT,Ribatejo,Const√¢ncia,39.43981,39.43981,WGS84,30,"Medetera aglaops Pollet, 2022",Animalia,species,ICZN
Event,en,http://creativecommons.org/publicdomain/zero/1.0/,Marc Pollet,http://www.inbo.be/en/norms-for-data-use,"",New Mediterranean Medetera with eye colour patterns,HumanObservation,Med:med:98192,Ana Rita Gon√ßalves,1,present,PT:2013:154:AG,2013-04-29,,-,sweepnet,-,Olaia,Europe,PT,Ribatejo,Torres Novas,39.52963,39.52963,WGS84,30,"Medetera aglaops Pollet, 2022",Animalia,species,ICZN
Event,en,http://creativecommons.org/publicdomain/zero/1.0/,Marc Pollet,http://www.inbo.be/en/norms-for-data-use,"",New Mediterranean Medetera with eye colour patterns,HumanObservation,Med:med:96783,Rui Andrade,1,present,PT:2015:350:RA,2015-10-01,,"riparian corridor in a mountainous location with Fraxinus sp., Salix sp. and Alnus glutinosa",sweepnet,-,Castrelos,Europe,PT,Tr√°s-os-Montes e Alto Douro,Bragan√ßa,41.83947,41.83947,WGS84,30,"Medetera aglaops Pollet, 2022",Animalia,species,ICZN
Event,en,http://creativecommons.org/publicdomain/zero/1.0/,Marc Pollet,http://www.inbo.be/en/norms-for-data-use,"",New Mediterranean Medetera with eye colour patterns,HumanObservation,Med:med:96895,Rui Andrade,1,present,PT:2015:264:RA,2015-05-09,,"riparian corridor in a mountainous area crossing a meadow and a Quercus pyrenaica forest, with Alnus glutinosa and Salix sp. on stream banks",sweepnet,-,Gondesende,Europe,PT,Tr√°s-os-Montes e Alto Douro,Bragan√ßa,41.84642,41.84642,WGS84,30,"Medetera aglaops Pollet, 2022",Animalia,species,ICZN
Event,en,http://creativecommons.org/publicdomain/zero/1.0/,Marc Pollet,http://www.inbo.be/en/norms-for-data-use,"",New Mediterranean Medetera with eye colour patterns,HumanObservation,Med:med:96912,Rui Andrade,3,present,PT:2014:225:RA,2014-09-09,,"forest of Quercus pyrenaica and conifers, with more open area with grasses, shrubs and exposed rocks on top of hill",sweepnet,-,Vinhais,Europe,PT,Tr√°s-os-Montes e Alto Douro,Bragan√ßa,41.85036,41.85036,WGS84,30,"Medetera aglaops Pollet, 2022",Animalia,species,ICZN
Event,en,http://creativecommons.org/publicdomain/zero/1.0/,Marc Pollet,http://www.inbo.be/en/norms-for-data-use,"",New Mediterranean Medetera with eye colour patterns,HumanObservation,Med:med:98103,Ana Rita Gon√ßalves,1,present,PT:2015:404:AG,2015-03-31,,"pools (remnants of drying up river), along well developed riparian corridor bordered by Salix spp amid a landscape of mainly mediterrean forest",sweepnet,-,Silva,Europe,PT,Tr√°s-os-Montes e Alto Douro,Miranda do Douro,41.53006,41.53006,WGS84,30,"Medetera aglaops Pollet, 2022",Animalia,species,ICZN
Event,en,http://creativecommons.org/publicdomain/zero/1.0/,Marc Pollet,http://www.inbo.be/en/norms-for-data-use,"",New Mediterranean Medetera with eye colour patterns,HumanObservation,Med:med:96923,Rui Andrade,2,present,PT:2015:344:RA,2015-10-05,,"lowland river in ravine, with mediterranean sclerophyllous forest on its slopes",sweepnet,-,Vila Ch√£ de Braciosa,Europe,PT,Tr√°s-os-Montes e Alto Douro,Miranda do Douro,41.42494,41.42494,WGS84,30,"Medetera aglaops Pollet, 2022",Animalia,species,ICZN
Event,en,http://creativecommons.org/publicdomain/zero/1.0/,Marc Pollet,http://www.inbo.be/en/norms-for-data-use,"",New Mediterranean Medetera with eye colour patterns,HumanObservation,Med:med:97717,Rui Andrade,1,present,PT:2016:366:RA,2016-06-02,,"lowland river in ravine, with mediterranean sclerophyllous forest on its slopes",sweepnet,-,Vila Ch√£ de Braciosa,Europe,PT,Tr√°s-os-Montes e Alto Douro,Miranda do Douro,41.42494,41.42494,WGS84,30,"Medetera aglaops Pollet, 2022",Animalia,species,ICZN
Event,en,http://creativecommons.org/publicdomain/zero/1.0/,Marc Pollet,http://www.inbo.be/en/norms-for-data-use,"",New Mediterranean Medetera with eye colour patterns,HumanObservation,Med:med:96931,Rui Andrade,1,present,PT:2015:321:RA,2015-06-16,,"lowland river in ravine, with mediterranean vegetation on its slopes",sweepnet,-,Meirinhos,Europe,PT,Tr√°s-os-Montes e Alto Douro,Mogadouro,41.28706,41.28706,WGS84,30,"Medetera aglaops Pollet, 2022",Animalia,species,ICZN
Event,en,http://creativecommons.org/publicdomain/zero/1.0/,Marc Pollet,http://www.inbo.be/en/norms-for-data-use,"",New Mediterranean Medetera with eye colour patterns,HumanObservation,Med:med:97763,Rui Andrade,1,present,PT:2016:362:RA,2016-05-31,,mediterranean sclerophyllous forest and shrubland,sweepnet,-,Adeganha,Europe,PT,Tr√°s-os-Montes e Alto Douro,Torre de Moncorvo,41.23300,41.23300,WGS84,30,"Medetera aglaops Pollet, 2022",Animalia,species,ICZN
Event,en,http://creativecommons.org/publicdomain/zero/1.0/,Marc Pollet,http://www.inbo.be/en/norms-for-data-use,"",New Mediterranean Medetera with eye colour patterns,HumanObservation,Med:med:96952,Rui Andrade,2,present,PT:2015:310:RA,2015-06-15,,"riparian corridor crossing a mediterranean shrubland, bordered by Alnus glutinosa, Salix sp., Typha sp., Mentha sp., Rubus sp., Cyperaceae and other plants",sweepnet,-,Algoso,Europe,PT,Tr√°s-os-Montes e Alto Douro,Vimioso,41.45489,41.45489,WGS84,30,"Medetera aglaops Pollet, 2022",Animalia,species,ICZN
Event,en,http://creativecommons.org/publicdomain/zero/1.0/,Marc Pollet,http://www.inbo.be/en/norms-for-data-use,"",New Mediterranean Medetera with eye colour patterns,HumanObservation,Med:med:98022,Rui Andrade & Ana Gon√ßalves,1,present,PT:2015:379:RA&AG,2015-10-04,,Vale de Algoso village with small plots of agricultural land surrounded by mediterranean shrubland,sweepnet,-,Algoso,Europe,PT,Tr√°s-os-Montes e Alto Douro,Vimioso,41.49789,41.49789,WGS84,30,"Medetera aglaops Pollet, 2022",Animalia,species,ICZN
Event,en,http://creativecommons.org/publicdomain/zero/1.0/,Marc Pollet,http://www.inbo.be/en/norms-for-data-use,"",New Mediterranean Medetera with eye colour patterns,HumanObservation,Med:med:96960,Rui Andrade & Ana Gon√ßalves,2,present,PT:2015:348:RA&AG,2015-10-05,,Vale de Algoso village with small plots of agricultural land surrounded by mediterranean shrubland,sweepnet,-,Algoso,Europe,PT,Tr√°s-os-Montes e Alto Douro,Vimioso,41.49789,41.49789,WGS84,30,"Medetera aglaops Pollet, 2022",Animalia,species,ICZN
Event,en,http://creativecommons.org/publicdomain/zero/1.0/,Marc Pollet,http://www.inbo.be/en/norms-for-data-use,"",New Mediterranean Medetera with eye colour patterns,HumanObservation,Med:med:97666,Rui Andrade,1,present,PT:2013:008:RA,2013-06-24,,"mountain river bordered by Alnus glutinosa, Fraxinus sp. and Salix sp. and crossing meadows, with forests of Quercus pyrenaica and Pinus sp. on mountain slopes",sweepnet,-,Ermelo,Europe,PT,Tr√°s-os-Montes e Alto Douro,Mondim de Basto,41.37889,41.37889,WGS84,30,"Medetera aglaops Pollet, 2022",Animalia,species,ICZN
Event,en,http://creativecommons.org/publicdomain/zero/1.0/,Marc Pollet,http://www.inbo.be/en/norms-for-data-use,"",New Mediterranean Medetera with eye colour patterns,HumanObservation,Med:med:97677,Rui Andrade,3,present,PT:2012:051:RA,2012-09-09,,"oak forest (Quercus pyrenaica) with small waterfall, and mediterranean shrubland",sweepnet,-,Pit√µes das J√∫nias,Europe,PT,Tr√°s-os-Montes e Alto Douro,Montalegre,41.83019,41.83019,WGS84,30,"Medetera aglaops Pollet, 2022",Animalia,species,ICZN
Event,en,http://creativecommons.org/publicdomain/zero/1.0/,Marc Pollet,http://www.inbo.be/en/norms-for-data-use,"",New Mediterranean Medetera with eye colour patterns,HumanObservation,Med:med:118194,J.L. Cama√±o,1,present,ABIGA:16038,2008-09-12,,farmland near river,sweepnet,,San Marti√±o,Europe,ES,Ourense,Baltar,41.90069,41.90069,WGS84,30,"Medetera lusitana Pollet, 2022",Animalia,species,ICZN
Event,en,http://creativecommons.org/publicdomain/zero/1.0/,Marc Pollet,http://www.inbo.be/en/norms-for-data-use,"",New Mediterranean Medetera with eye colour patterns,HumanObservation,Med:med:97362,Ana Rita Gon√ßalves,8,present,PT:2014:176:AG,2014-09-20,,mediterranean shrubland with big rocks scattered across the landscape and forest patches of Quercus pyrenaica and Quercus suber,sweepnet,-,Santa Maria de Marv√£o,Europe,PT,Alto Alentejo,Marv√£o,39.39700,39.39700,WGS84,30,"Medetera lusitana Pollet, 2022",Animalia,species,ICZN
Event,en,http://creativecommons.org/publicdomain/zero/1.0/,Marc Pollet,http://www.inbo.be/en/norms-for-data-use,"",New Mediterranean Medetera with eye colour patterns,HumanObservation,Med:med:97178,Ana Rita Gon√ßalves,3,present,PT:2013:208:AG,2013-09-21,,riparian corridor in a mountainous area bordered by Alnus glutinosa and Salix sp. and crossing Quercus pyrenaica forest,sweepnet,-,Trinta,Europe,PT,Beira Alta,Guarda,40.50864,40.50864,WGS84,30,"Medetera lusitana Pollet, 2022",Animalia,species,ICZN
Event,en,http://creativecommons.org/publicdomain/zero/1.0/,Marc Pollet,http://www.inbo.be/en/norms-for-data-use,"",New Mediterranean Medetera with eye colour patterns,HumanObservation,Med:med:97199,Rui Andrade,2,present,PT:2013:186:RA,2013-09-21,,riparian corridor in a mountainous site with water flowing through big rocks and with abundant Pinus pinaster higher up the slope,sweepnet,-,S√£o Pedro (Manteigas),Europe,PT,Beira Alta,Manteigas,40.36956,40.36956,WGS84,30,"Medetera lusitana Pollet, 2022",Animalia,species,ICZN
Event,en,http://creativecommons.org/publicdomain/zero/1.0/,Marc Pollet,http://www.inbo.be/en/norms-for-data-use,"",New Mediterranean Medetera with eye colour patterns,HumanObservation,Med:med:97210,Ana Rita Gon√ßalves,1,present,PT:2013:272:AG,2013-09-21,,riparian corridor in a mountainous site with water flowing through big rocks and with abundant Pinus pinaster higher up the slope,sweepnet,-,S√£o Pedro (Manteigas),Europe,PT,Beira Alta,Manteigas,40.36956,40.36956,WGS84,30,"Medetera lusitana Pollet, 2022",Animalia,species,ICZN
Event,en,http://creativecommons.org/publicdomain/zero/1.0/,Marc Pollet,http://www.inbo.be/en/norms-for-data-use,"",New Mediterranean Medetera with eye colour patterns,HumanObservation,Med:med:97213,Ana Rita Gon√ßalves,1,present,PT:2013:282:AG,2013-09-21,,depression (Cov„o díAmetade) of glacial origin with small river crossing the area and bordered by Betula sp.,sweepnet,-,S√£o Pedro (Manteigas),Europe,PT,Beira Alta,Manteigas,40.32839,40.32839,WGS84,30,"Medetera lusitana Pollet, 2022",Animalia,species,ICZN
Event,en,http://creativecommons.org/publicdomain/zero/1.0/,Marc Pollet,http://www.inbo.be/en/norms-for-data-use,"",New Mediterranean Medetera with eye colour patterns,HumanObservation,Med:med:97193,Ana Rita Gon√ßalves,1,present,PT:2013:165:AG,2013-09-20,,mountain plateau with abundant herbaceous plants and shrubs,sweepnet,-,S√£o Pedro (Manteigas),Europe,PT,Beira Alta,Manteigas,40.31861,40.31861,WGS84,30,"Medetera lusitana Pollet, 2022",Animalia,species,ICZN
Event,en,http://creativecommons.org/publicdomain/zero/1.0/,Marc Pollet,http://www.inbo.be/en/norms-for-data-use,"",New Mediterranean Medetera with eye colour patterns,HumanObservation,Med:med:97240,Rui Andrade,1,present,PT:2015:330:RA,2015-08-28,,small stream running down a mountain slope covered by rocks and abundant shrubs,sweepnet,-,Lapa dos Dinheiros,Europe,PT,Beira Alta,Seia,40.36392,40.36392,WGS84,30,"Medetera lusitana Pollet, 2022",Animalia,species,ICZN
Event,en,http://creativecommons.org/publicdomain/zero/1.0/,Marc Pollet,http://www.inbo.be/en/norms-for-data-use,"",New Mediterranean Medetera with eye colour patterns,HumanObservation,Med:med:97282,Rui Andrade,1,present,PT:2015:330:RA,2015-08-28,,small stream running down a mountain slope covered by rocks and abundant shrubs,sweepnet,-,Lapa dos Dinheiros,Europe,PT,Beira Alta,Seia,40.36392,40.36392,WGS84,30,"Medetera lusitana Pollet, 2022",Animalia,species,ICZN
Event,en,http://creativecommons.org/publicdomain/zero/1.0/,Marc Pollet,http://www.inbo.be/en/norms-for-data-use,"",New Mediterranean Medetera with eye colour patterns,HumanObservation,Med:med:97275,Ana Rita Gon√ßalves,1,present,PT:2014:200:AG,2014-09-03,,"rocky (granitic) mountain stream, surrounded by low shrublands (due to frequent fires and grazing) and scattered Salix sp.",sweepnet,-,Lapa dos Dinheiros,Europe,PT,Beira Alta,Seia,40.37158,40.37158,WGS84,30,"Medetera lusitana Pollet, 2022",Animalia,species,ICZN
Event,en,http://creativecommons.org/publicdomain/zero/1.0/,Marc Pollet,http://www.inbo.be/en/norms-for-data-use,"",New Mediterranean Medetera with eye colour patterns,HumanObservation,Med:med:97304,Ana Rita Gon√ßalves,4,present,PT:2014:204:AG,2014-09-02,,"rocky mountain river, surrounded by scattered trees (e.g. Salix spp.), with low shrubland on the mountain slopes",sweepnet,-,Loriga,Europe,PT,Beira Alta,Seia,40.32813,40.32813,WGS84,30,"Medetera lusitana Pollet, 2022",Animalia,species,ICZN
Event,en,http://creativecommons.org/publicdomain/zero/1.0/,Marc Pollet,http://www.inbo.be/en/norms-for-data-use,"",New Mediterranean Medetera with eye colour patterns,HumanObservation,Med:med:98184,Ana Rita Gon√ßalves,1,present,PT:2014:204:AG,2014-09-02,,"rocky mountain river, surrounded by scattered trees (e.g. Salix spp.), with low shrubland on the mountain slopes",sweepnet,-,Loriga,Europe,PT,Beira Alta,Seia,40.32813,40.32813,WGS84,30,"Medetera lusitana Pollet, 2022",Animalia,species,ICZN
Event,en,http://creativecommons.org/publicdomain/zero/1.0/,Marc Pollet,http://www.inbo.be/en/norms-for-data-use,"",New Mediterranean Medetera with eye colour patterns,HumanObservation,Med:med:98050,Ana Rita Gon√ßalves,1,present,PT:2014:376:AG,2014-09-01,,humid shrubland wih dominant heather vegetation,collected by hand,-,Cortes do Meio,Europe,PT,Beira Baixa,Covilh√£,40.31079,40.31079,WGS84,30,"Medetera lusitana Pollet, 2022",Animalia,species,ICZN
Event,en,http://creativecommons.org/publicdomain/zero/1.0/,Marc Pollet,http://www.inbo.be/en/norms-for-data-use,"",New Mediterranean Medetera with eye colour patterns,HumanObservation,Med:med:99751,Rui Andrade,1,present,PT:2009:128:RA,2009-05-14,2009-05-14,"Parque BiolÛgico de Gaia (ca. 35 ha park in the outskirts of the city of Vila Nova de Gaia. with small Febros river, a tributary of the Douro river, and many trees, within a strongly altered landscape due to agriculture and other human development)",collected by hand,-,Avintes,Europe,PT,Douro Litoral,Vila Nova de Gaia,41.09942,41.09942,WGS84,30,"Medetera lusitana Pollet, 2022",Animalia,species,ICZN
Event,en,http://creativecommons.org/publicdomain/zero/1.0/,Marc Pollet,http://www.inbo.be/en/norms-for-data-use,"",New Mediterranean Medetera with eye colour patterns,HumanObservation,Med:med:96273,Rui Andrade,5,present,PT:2009:128:RA,2009-05-14,2009-05-14,"Parque BiolÛgico de Gaia (ca. 35 ha park in the outskirts of the city of Vila Nova de Gaia. with small Febros river, a tributary of the Douro river, and many trees, within a strongly altered landscape due to agriculture and other human development)",collected by hand,-,Avintes,Europe,PT,Douro Litoral,Vila Nova de Gaia,41.09942,41.09942,WGS84,30,"Medetera lusitana Pollet, 2022",Animalia,species,ICZN
Event,en,http://creativecommons.org/publicdomain/zero/1.0/,Marc Pollet,http://www.inbo.be/en/norms-for-data-use,"",New Mediterranean Medetera with eye colour patterns,HumanObservation,Med:med:97535,Rui Andrade,1,present,PT:2013:100:RA,2013-05-31,,"Parque BiolÛgico de Gaia (ca. 35 ha park in the outskirts of the city of Vila Nova de Gaia. with small Febros river, a tributary of the Douro river, and many trees, within a strongly altered landscape due to agriculture and other human development)",sweepnet,-,Avintes,Europe,PT,Douro Litoral,Vila Nova de Gaia,41.09942,41.09942,WGS84,30,"Medetera lusitana Pollet, 2022",Animalia,species,ICZN
Event,en,http://creativecommons.org/publicdomain/zero/1.0/,Marc Pollet,http://www.inbo.be/en/norms-for-data-use,"",New Mediterranean Medetera with eye colour patterns,HumanObservation,Med:med:98057,Rui Andrade,2,present,PT:2016:392:RA,2016-09-09,,"mountainous area with a mosaic of grassland and Quercus pyrenaica forest crossed by a small river, bordered by Betula sp.",sweepnet,-,Castro Laboreiro,Europe,PT,Minho,Melga√ßo,42.02578,42.02578,WGS84,30,"Medetera lusitana Pollet, 2022",Animalia,species,ICZN
Event,en,http://creativecommons.org/publicdomain/zero/1.0/,Marc Pollet,http://www.inbo.be/en/norms-for-data-use,"",New Mediterranean Medetera with eye colour patterns,HumanObservation,Med:med:98055,Rui Andrade,1,present,PT:2016:392:RA,2016-09-09,,"mountainous area with a mosaic of grassland and Quercus pyrenaica forest crossed by a small river, bordered by Betula sp.",sweepnet,-,Castro Laboreiro,Europe,PT,Minho,Melga√ßo,42.02578,42.02578,WGS84,30,"Medetera lusitana Pollet, 2022",Animalia,species,ICZN
Event,en,http://creativecommons.org/publicdomain/zero/1.0/,Marc Pollet,http://www.inbo.be/en/norms-for-data-use,"",New Mediterranean Medetera with eye colour patterns,HumanObservation,Med:med:96777,Rui Andrade,1,present,PT:2015:313:RA,2015-06-18,,meadows amid a forest of Quercus pyrenaica,sweepnet,-,Carrazedo,Europe,PT,Tr√°s-os-Montes e Alto Douro,Bragan√ßa,41.76436,41.76436,WGS84,30,"Medetera lusitana Pollet, 2022",Animalia,species,ICZN
Event,en,http://creativecommons.org/publicdomain/zero/1.0/,Marc Pollet,http://www.inbo.be/en/norms-for-data-use,"",New Mediterranean Medetera with eye colour patterns,HumanObservation,Med:med:96773,Rui Andrade,2,present,PT:2015:313:RA,2015-06-18,,meadows amid a forest of Quercus pyrenaica,sweepnet,-,Carrazedo,Europe,PT,Tr√°s-os-Montes e Alto Douro,Bragan√ßa,41.76436,41.76436,WGS84,30,"Medetera lusitana Pollet, 2022",Animalia,species,ICZN
Event,en,http://creativecommons.org/publicdomain/zero/1.0/,Marc Pollet,http://www.inbo.be/en/norms-for-data-use,"",New Mediterranean Medetera with eye colour patterns,HumanObservation,Med:med:96888,Rui Andrade,2,present,PT:2014:249:RA,2014-08-06,,permanent pastures (Lameiros) in a mountainous area with Quercus pyrenaica,sweepnet,-,Fran√ßa,Europe,PT,Tr√°s-os-Montes e Alto Douro,Bragan√ßa,41.94250,41.94250,WGS84,30,"Medetera lusitana Pollet, 2022",Animalia,species,ICZN
Event,en,http://creativecommons.org/publicdomain/zero/1.0/,Marc Pollet,http://www.inbo.be/en/norms-for-data-use,"",New Mediterranean Medetera with eye colour patterns,HumanObservation,Med:med:98023,Rui Andrade & Ana Gon√ßalves,1,present,PT:2015:379:RA&AG,2015-10-04,,Vale de Algoso village with small plots of agricultural land surrounded by mediterranean shrubland,sweepnet,-,Algoso,Europe,PT,Tr√°s-os-Montes e Alto Douro,Vimioso,41.49789,41.49789,WGS84,30,"Medetera lusitana Pollet, 2022",Animalia,species,ICZN
Event,en,http://creativecommons.org/publicdomain/zero/1.0/,Marc Pollet,http://www.inbo.be/en/norms-for-data-use,"",New Mediterranean Medetera with eye colour patterns,HumanObservation,Med:med:97644,Rui Andrade,1,present,PT:2013:036:RA,2013-06-25,,waterfall on a mountain river flowing through big rocks down slope and bordered by pine forest,sweepnet,-,Bilh√≥,Europe,PT,Tr√°s-os-Montes e Alto Douro,Mondim de Basto,41.39686,41.39686,WGS84,30,"Medetera lusitana Pollet, 2022",Animalia,species,ICZN
Event,en,http://creativecommons.org/publicdomain/zero/1.0/,Marc Pollet,http://www.inbo.be/en/norms-for-data-use,"",New Mediterranean Medetera with eye colour patterns,HumanObservation,Med:med:97668,Rui Andrade,2,present,PT:2013:008:RA,2013-06-24,,"mountain river bordered by Alnus glutinosa, Fraxinus sp. and Salix sp. and crossing meadows, with forests of Quercus pyrenaica and Pinus sp. on mountain slopes",sweepnet,-,Ermelo,Europe,PT,Tr√°s-os-Montes e Alto Douro,Mondim de Basto,41.37889,41.37889,WGS84,30,"Medetera lusitana Pollet, 2022",Animalia,species,ICZN
Event,en,http://creativecommons.org/publicdomain/zero/1.0/,Marc Pollet,http://www.inbo.be/en/norms-for-data-use,"",New Mediterranean Medetera with eye colour patterns,HumanObservation,Med:med:97676,Rui Andrade,1,present,PT:2012:051:RA,2012-09-09,,"oak forest (Quercus pyrenaica) with small waterfall, and mediterranean shrubland",sweepnet,-,Pit√µes das J√∫nias,Europe,PT,Tr√°s-os-Montes e Alto Douro,Montalegre,41.83019,41.83019,WGS84,30,"Medetera lusitana Pollet, 2022",Animalia,species,ICZN
Event,en,http://creativecommons.org/publicdomain/zero/1.0/,Marc Pollet,http://www.inbo.be/en/norms-for-data-use,"",New Mediterranean Medetera with eye colour patterns,HumanObservation,Med:med:118358,Rui Andrade,13,present,ES:2015:259:RA,2015-05-13,,very dry habitat mostly covered by sclerophyllous shrubs and patches of pine forest,sweepnet,-,Fraga,Europe,ES,Huesca,-,41.51131,41.51131,WGS84,30,"Medetera aglaops Pollet, 2022",Animalia,species,ICZN
Event,en,http://creativecommons.org/publicdomain/zero/1.0/,Marc Pollet,http://www.inbo.be/en/norms-for-data-use,"",New Mediterranean Medetera with eye colour patterns,HumanObservation,Med:med:118223,Rui Andrade & Ana Gon√ßalves,1,present,ES:2014:216:RA&AG,2014-08-03,,"mountainous site with a mosaic of pastures and forest (e.g., Fraxinus sp., Populus sp., Corylus avellana)",sweepnet,-,Pallars Sobir√†,Europe,ES,Lleida,-,42.45100,42.45100,WGS84,30,"Medetera aglaops Pollet, 2022",Animalia,species,ICZN
Event,en,http://creativecommons.org/publicdomain/zero/1.0/,Marc Pollet,http://www.inbo.be/en/norms-for-data-use,"",New Mediterranean Medetera with eye colour patterns,HumanObservation,Med:med:117945,Rui Andrade,1,present,ES:2015:315:RA,2015-05-13,,"rest area along road with some trees e.g., Populus sp., Pinus sp. and other ornamental trees, in an otherwise pine forested landscape",collected by hand,-,Aranjuez,Europe,ES,Madrid,-,42.20339,42.20339,WGS84,30,"Medetera aglaops Pollet, 2022",Animalia,species,ICZN
Event,en,http://creativecommons.org/publicdomain/zero/1.0/,Marc Pollet,http://www.inbo.be/en/norms-for-data-use,"",New Mediterranean Medetera with eye colour patterns,HumanObservation,Med:med:120838,Julien Touroult,2,present,FR-COR:2019:220,2019-06-26,2019-06-13,-,Malaise trap,S1-ML2,Serra di Scopam√®ne,Europe,FR,Corse-du-Sud (2A),,41.77231,41.77231,WGS84,30,"Medetera aglaops Pollet, 2022",Animalia,species,ICZN
Event,en,http://creativecommons.org/publicdomain/zero/1.0/,Marc Pollet,http://www.inbo.be/en/norms-for-data-use,"",New Mediterranean Medetera with eye colour patterns,HumanObservation,Med:med:99659,Marc Pollet,4,present,FR-COR:2019:058,2019-06-25,2019-06-25,on rocks at edge of forest and pozzine habitats,collected by hand,CO,Serra di Scopam√®ne,Europe,FR,Corse-du-Sud (2A),,41.83331,41.83331,WGS84,30,"Medetera aglaops Pollet, 2022",Animalia,species,ICZN
Event,en,http://creativecommons.org/publicdomain/zero/1.0/,Marc Pollet,http://www.inbo.be/en/norms-for-data-use,"",New Mediterranean Medetera with eye colour patterns,HumanObservation,Med:med:99164,Marc Pollet,7,present,FR-COR:2019:058,2019-06-25,2019-06-25,on rocks at edge of forest and pozzine habitats,collected by hand,CO,Serra di Scopam√®ne,Europe,FR,Corse-du-Sud (2A),,41.83331,41.83331,WGS84,30,"Medetera aglaops Pollet, 2022",Animalia,species,ICZN
Event,en,http://creativecommons.org/publicdomain/zero/1.0/,Marc Pollet,http://www.inbo.be/en/norms-for-data-use,"",New Mediterranean Medetera with eye colour patterns,HumanObservation,Med:med:99392,Marc Pollet,1,present,FR-COR:2019:145,2019-06-29,2019-06-25,in higher Alnus forest,white pan traps,CO-BYWT-01,Serra di Scopam√®ne,Europe,FR,Corse-du-Sud (2A),,41.83294,41.83294,WGS84,30,"Medetera aglaops Pollet, 2022",Animalia,species,ICZN
Event,en,http://creativecommons.org/publicdomain/zero/1.0/,Marc Pollet,http://www.inbo.be/en/norms-for-data-use,"",New Mediterranean Medetera with eye colour patterns,HumanObservation,Med:med:99401,Marc Pollet,2,present,FR-COR:2019:146,2019-06-29,2019-06-25,in higher Alnus forest,blue pan traps,CO-BYWT-01,Serra di Scopam√®ne,Europe,FR,Corse-du-Sud (2A),,41.83294,41.83294,WGS84,30,"Medetera aglaops Pollet, 2022",Animalia,species,ICZN
Event,en,http://creativecommons.org/publicdomain/zero/1.0/,Marc Pollet,http://www.inbo.be/en/norms-for-data-use,"",New Mediterranean Medetera with eye colour patterns,HumanObservation,Med:med:99393,Marc Pollet,1,present,FR-COR:2019:146,2019-06-29,2019-06-25,in higher Alnus forest,blue pan traps,CO-BYWT-01,Serra di Scopam√®ne,Europe,FR,Corse-du-Sud (2A),,41.83294,41.83294,WGS84,30,"Medetera aglaops Pollet, 2022",Animalia,species,ICZN
Event,en,http://creativecommons.org/publicdomain/zero/1.0/,Marc Pollet,http://www.inbo.be/en/norms-for-data-use,"",New Mediterranean Medetera with eye colour patterns,HumanObservation,Med:med:99395,Marc Pollet,2,present,FR-COR:2019:148,2019-06-29,2019-06-25,in lower Alnus forest,white pan traps,CO-BYWT-02,Serra di Scopam√®ne,Europe,FR,Corse-du-Sud (2A),,41.83322,41.83322,WGS84,30,"Medetera aglaops Pollet, 2022",Animalia,species,ICZN
Event,en,http://creativecommons.org/publicdomain/zero/1.0/,Marc Pollet,http://www.inbo.be/en/norms-for-data-use,"",New Mediterranean Medetera with eye colour patterns,HumanObservation,Med:med:99394,Marc Pollet,1,present,FR-COR:2019:147,2019-06-29,2019-06-25,in lower Alnus forest,yellow pan tras,CO-BYWT-02,Serra di Scopam√®ne,Europe,FR,Corse-du-Sud (2A),,41.83322,41.83322,WGS84,30,"Medetera aglaops Pollet, 2022",Animalia,species,ICZN
Event,en,http://creativecommons.org/publicdomain/zero/1.0/,Marc Pollet,http://www.inbo.be/en/norms-for-data-use,"",New Mediterranean Medetera with eye colour patterns,HumanObservation,Med:med:99400,Marc Pollet,1,present,FR-COR:2019:149,2019-06-29,2019-06-25,in lower Alnus forest,blue pan traps,CO-BYWT-02,Serra di Scopam√®ne,Europe,FR,Corse-du-Sud (2A),,41.83322,41.83322,WGS84,30,"Medetera aglaops Pollet, 2022",Animalia,species,ICZN
Event,en,http://creativecommons.org/publicdomain/zero/1.0/,Marc Pollet,http://www.inbo.be/en/norms-for-data-use,"",New Mediterranean Medetera with eye colour patterns,HumanObservation,Med:med:99399,Marc Pollet,2,present,FR-COR:2019:149,2019-06-29,2019-06-25,in lower Alnus forest,blue pan traps,CO-BYWT-02,Serra di Scopam√®ne,Europe,FR,Corse-du-Sud (2A),,41.83322,41.83322,WGS84,30,"Medetera aglaops Pollet, 2022",Animalia,species,ICZN
Event,en,http://creativecommons.org/publicdomain/zero/1.0/,Marc Pollet,http://www.inbo.be/en/norms-for-data-use,"",New Mediterranean Medetera with eye colour patterns,HumanObservation,Med:med:99396,Marc Pollet,5,present,FR-COR:2019:149,2019-06-29,2019-06-25,in lower Alnus forest,blue pan traps,CO-BYWT-02,Serra di Scopam√®ne,Europe,FR,Corse-du-Sud (2A),,41.83322,41.83322,WGS84,30,"Medetera aglaops Pollet, 2022",Animalia,species,ICZN
Event,en,http://creativecommons.org/publicdomain/zero/1.0/,Marc Pollet,http://www.inbo.be/en/norms-for-data-use,"",New Mediterranean Medetera with eye colour patterns,HumanObservation,Med:med:99397,Marc Pollet,4,present,FR-COR:2019:151,2019-06-29,2019-06-25,in shady sites along stream in pozzine landscape,white pan traps,CO-BYWT-03,Serra di Scopam√®ne,Europe,FR,Corse-du-Sud (2A),,41.83347,41.83347,WGS84,30,"Medetera aglaops Pollet, 2022",Animalia,species,ICZN
Event,en,http://creativecommons.org/publicdomain/zero/1.0/,Marc Pollet,http://www.inbo.be/en/norms-for-data-use,"",New Mediterranean Medetera with eye colour patterns,HumanObservation,Med:med:99398,Marc Pollet,4,present,FR-COR:2019:156,2019-06-29,2019-06-25,in open rocky sites along stream in pozzine landscape,blue pan traps,CO-BYWT-04,Serra di Scopam√®ne,Europe,FR,Corse-du-Sud (2A),,41.83414,41.83414,WGS84,30,"Medetera aglaops Pollet, 2022",Animalia,species,ICZN
Event,en,http://creativecommons.org/publicdomain/zero/1.0/,Marc Pollet,http://www.inbo.be/en/norms-for-data-use,"",New Mediterranean Medetera with eye colour patterns,HumanObservation,Med:med:99219,Marc Pollet,1,present,FR-COR:2019:085,2019-06-26,2019-06-22,on gravelly muddy seep in deciduous forest,blue pan traps,BO-BYWPT-02,Serra di Scopam√®ne et Sorbollano,Europe,FR,Corse-du-Sud (2A),,41.77261,41.77261,WGS84,30,"Medetera aglaops Pollet, 2022",Animalia,species,ICZN
Event,en,http://creativecommons.org/publicdomain/zero/1.0/,Marc Pollet,http://www.inbo.be/en/norms-for-data-use,"",New Mediterranean Medetera with eye colour patterns,HumanObservation,Med:med:99220,Marc Pollet,2,present,FR-COR:2019:091,2019-06-26,2019-06-22,in brook bed in oak forest,blue pan traps,BO-BYWPT-03,Serra di Scopam√®ne et Sorbollano,Europe,FR,Corse-du-Sud (2A),,41.77275,41.77275,WGS84,30,"Medetera aglaops Pollet, 2022",Animalia,species,ICZN
Event,en,http://creativecommons.org/publicdomain/zero/1.0/,Marc Pollet,http://www.inbo.be/en/norms-for-data-use,"",New Mediterranean Medetera with eye colour patterns,HumanObservation,Med:med:99218,Marc Pollet,1,present,FR-COR:2019:074,2019-06-26,2019-06-22,on banks of river in oak forest,blue pan traps,BO-BYWPT-04,Serra di Scopam√®ne et Sorbollano,Europe,FR,Corse-du-Sud (2A),,41.77453,41.77453,WGS84,30,"Medetera aglaops Pollet, 2022",Animalia,species,ICZN
Event,en,http://creativecommons.org/publicdomain/zero/1.0/,Marc Pollet,http://www.inbo.be/en/norms-for-data-use,"",New Mediterranean Medetera with eye colour patterns,HumanObservation,Med:med:120924,Julien Touroult,4,present,FR-COR:2019:212,2019-06-26,2019-06-13,-,Malaise trap,S2-ML2,Sorbollano,Europe,FR,Corse-du-Sud (2A),,41.77106,41.77106,WGS84,30,"Medetera aglaops Pollet, 2022",Animalia,species,ICZN
Event,en,http://creativecommons.org/publicdomain/zero/1.0/,Marc Pollet,http://www.inbo.be/en/norms-for-data-use,"",New Mediterranean Medetera with eye colour patterns,HumanObservation,Med:med:120857,Julien Touroult,5,present,FR-COR:2019:233,2019-06-26,2019-06-13,-,Malaise trap,S2-ML2,Sorbollano,Europe,FR,Corse-du-Sud (2A),,41.76995,41.76995,WGS84,30,"Medetera aglaops Pollet, 2022",Animalia,species,ICZN
Event,en,http://creativecommons.org/publicdomain/zero/1.0/,Marc Pollet,http://www.inbo.be/en/norms-for-data-use,"",New Mediterranean Medetera with eye colour patterns,HumanObservation,Med:med:120935,Julien Touroult,4,present,FR-COR:2019:211,2019-06-26,2019-06-13,-,Malaise trap,S2-ML2,Sorbollano,Europe,FR,Corse-du-Sud (2A),,41.76987,41.76987,WGS84,30,"Medetera aglaops Pollet, 2022",Animalia,species,ICZN
Event,en,http://creativecommons.org/publicdomain/zero/1.0/,Marc Pollet,http://www.inbo.be/en/norms-for-data-use,"",New Mediterranean Medetera with eye colour patterns,HumanObservation,Med:med:120882,Julien Touroult,1,present,FR-COR:2019:219,2019-07-10,2019-06-26,-,Malaise trap,S2-ML2,Sorbollano,Europe,FR,Corse-du-Sud (2A),,41.77106,41.77106,WGS84,30,"Medetera aglaops Pollet, 2022",Animalia,species,ICZN
Event,en,http://creativecommons.org/publicdomain/zero/1.0/,Marc Pollet,http://www.inbo.be/en/norms-for-data-use,"",New Mediterranean Medetera with eye colour patterns,HumanObservation,Med:med:120786,Julien Touroult,1,present,FR-COR:2019:213,2019-07-10,2019-06-26,-,Malaise trap,S2-ML2,Sorbollano,Europe,FR,Corse-du-Sud (2A),,41.76987,41.76987,WGS84,30,"Medetera aglaops Pollet, 2022",Animalia,species,ICZN
Event,en,http://creativecommons.org/publicdomain/zero/1.0/,Marc Pollet,http://www.inbo.be/en/norms-for-data-use,"",New Mediterranean Medetera with eye colour patterns,HumanObservation,Med:med:120903,Julien Touroult,1,present,FR-COR:2019:219,2019-07-10,2019-06-26,-,Malaise trap,S2-ML2,Sorbollano,Europe,FR,Corse-du-Sud (2A),,41.77106,41.77106,WGS84,30,"Medetera aglaops Pollet, 2022",Animalia,species,ICZN
Event,en,http://creativecommons.org/publicdomain/zero/1.0/,Marc Pollet,http://www.inbo.be/en/norms-for-data-use,"",New Mediterranean Medetera with eye colour patterns,HumanObservation,Med:med:120816,Julien Touroult,2,present,FR-COR:2019:209,2019-10-02,2019-09-18,-,Malaise trap,S2-ML2,Sorbollano,Europe,FR,Corse-du-Sud (2A),,41.76987,41.76987,WGS84,30,"Medetera aglaops Pollet, 2022",Animalia,species,ICZN
Event,en,http://creativecommons.org/publicdomain/zero/1.0/,Marc Pollet,http://www.inbo.be/en/norms-for-data-use,"",New Mediterranean Medetera with eye colour patterns,HumanObservation,Med:med:99655,Marc Pollet,1,present,FR-COR:2019:051,2019-06-24,2019-06-24,on rocks in grassy habitat nr river,collected by hand,VA,Zicavo,Europe,FR,Corse-du-Sud (2A),,41.87583,41.87583,WGS84,30,"Medetera aglaops Pollet, 2022",Animalia,species,ICZN
Event,en,http://creativecommons.org/publicdomain/zero/1.0/,Marc Pollet,http://www.inbo.be/en/norms-for-data-use,"",New Mediterranean Medetera with eye colour patterns,HumanObservation,Med:med:99023,Marc Pollet,2,present,FR-COR:2019:024,2019-06-23,2019-06-23,on dry rocky and concrete construction on stream,sweepnet,SA,Zonza,Europe,FR,Corse-du-Sud (2A),,41.76878,41.76878,WGS84,30,"Medetera aglaops Pollet, 2022",Animalia,species,ICZN
Event,en,http://creativecommons.org/publicdomain/zero/1.0/,Marc Pollet,http://www.inbo.be/en/norms-for-data-use,"",New Mediterranean Medetera with eye colour patterns,HumanObservation,Med:med:99643,Marc Pollet,1,present,FR-COR:2019:030,2019-06-23,2019-06-23,on rocks at small pool/spring along the trail,sweepnet,SA,Zonza,Europe,FR,Corse-du-Sud (2A),,41.76112,41.76112,WGS84,30,"Medetera aglaops Pollet, 2022",Animalia,species,ICZN
Event,en,http://creativecommons.org/publicdomain/zero/1.0/,Marc Pollet,http://www.inbo.be/en/norms-for-data-use,"",New Mediterranean Medetera with eye colour patterns,HumanObservation,Med:med:99024,Marc Pollet,3,present,FR-COR:2019:031,2019-06-23,2019-06-23,at little seep along trail,collected by hand,SA,Zonza,Europe,FR,Corse-du-Sud (2A),,41.76703,41.76703,WGS84,30,"Medetera aglaops Pollet, 2022",Animalia,species,ICZN
Event,en,http://creativecommons.org/publicdomain/zero/1.0/,Marc Pollet,http://www.inbo.be/en/norms-for-data-use,"",New Mediterranean Medetera with eye colour patterns,HumanObservation,Med:med:99644,Marc Pollet,2,present,FR-COR:2019:031,2019-06-23,2019-06-23,at little seep along trail,collected by hand,SA,Zonza,Europe,FR,Corse-du-Sud (2A),,41.76703,41.76703,WGS84,30,"Medetera aglaops Pollet, 2022",Animalia,species,ICZN
Event,en,http://creativecommons.org/publicdomain/zero/1.0/,Marc Pollet,http://www.inbo.be/en/norms-for-data-use,"",New Mediterranean Medetera with eye colour patterns,HumanObservation,Med:med:99646,Marc Pollet,1,present,FR-COR:2019:032,2019-06-23,2019-06-23,on rocks at small waterfall on stream,sweepnet,SA,Zonza,Europe,FR,Corse-du-Sud (2A),,41.76888,41.76888,WGS84,30,"Medetera aglaops Pollet, 2022",Animalia,species,ICZN
Event,en,http://creativecommons.org/publicdomain/zero/1.0/,Marc Pollet,http://www.inbo.be/en/norms-for-data-use,"",New Mediterranean Medetera with eye colour patterns,HumanObservation,Med:med:99271,Marc Pollet,1,present,FR-COR:2019:033,2019-06-23,2019-06-23,canopied seep along the road at edge of forest,PT,SA,Zonza,Europe,FR,Corse-du-Sud (2A),,41.76865,41.76865,WGS84,30,"Medetera aglaops Pollet, 2022",Animalia,species,ICZN
Event,en,http://creativecommons.org/publicdomain/zero/1.0/,Marc Pollet,http://www.inbo.be/en/norms-for-data-use,"",New Mediterranean Medetera with eye colour patterns,HumanObservation,Med:med:99648,Marc Pollet,1,present,FR-COR:2019:034,2019-06-23,2019-06-23,on concrete bridge,collected by hand,SA,Zonza,Europe,FR,Corse-du-Sud (2A),,41.76882,41.76882,WGS84,30,"Medetera aglaops Pollet, 2022",Animalia,species,ICZN
Event,en,http://creativecommons.org/publicdomain/zero/1.0/,Marc Pollet,http://www.inbo.be/en/norms-for-data-use,"",New Mediterranean Medetera with eye colour patterns,HumanObservation,Med:med:99025,Marc Pollet,2,present,FR-COR:2019:034,2019-06-23,2019-06-23,on concrete bridge,collected by hand,SA,Zonza,Europe,FR,Corse-du-Sud (2A),,41.76882,41.76882,WGS84,30,"Medetera aglaops Pollet, 2022",Animalia,species,ICZN
Event,en,http://creativecommons.org/publicdomain/zero/1.0/,Marc Pollet,http://www.inbo.be/en/norms-for-data-use,"",New Mediterranean Medetera with eye colour patterns,HumanObservation,Med:med:99253,Marc Pollet,1,present,FR-COR:2019:096,2019-06-27,2019-06-23,in dry SapiniËre forest,yellow pan tras,SA-BYWPT-01,Zonza,Europe,FR,Corse-du-Sud (2A),,41.76162,41.76162,WGS84,30,"Medetera aglaops Pollet, 2022",Animalia,species,ICZN
Event,en,http://creativecommons.org/publicdomain/zero/1.0/,Marc Pollet,http://www.inbo.be/en/norms-for-data-use,"",New Mediterranean Medetera with eye colour patterns,HumanObservation,Med:med:99254,Marc Pollet,1,present,FR-COR:2019:097,2019-06-27,2019-06-23,in dry SapiniËre forest,white pan traps,SA-BYWPT-01,Zonza,Europe,FR,Corse-du-Sud (2A),,41.76162,41.76162,WGS84,30,"Medetera aglaops Pollet, 2022",Animalia,species,ICZN
Event,en,http://creativecommons.org/publicdomain/zero/1.0/,Marc Pollet,http://www.inbo.be/en/norms-for-data-use,"",New Mediterranean Medetera with eye colour patterns,HumanObservation,Med:med:99269,Marc Pollet,5,present,FR-COR:2019:098,2019-06-27,2019-06-23,in dry SapiniËre forest,blue pan traps,SA-BYWPT-01,Zonza,Europe,FR,Corse-du-Sud (2A),,41.76162,41.76162,WGS84,30,"Medetera aglaops Pollet, 2022",Animalia,species,ICZN
Event,en,http://creativecommons.org/publicdomain/zero/1.0/,Marc Pollet,http://www.inbo.be/en/norms-for-data-use,"",New Mediterranean Medetera with eye colour patterns,HumanObservation,Med:med:99255,Marc Pollet,4,present,FR-COR:2019:098,2019-06-27,2019-06-23,in dry SapiniËre forest,blue pan traps,SA-BYWPT-01,Zonza,Europe,FR,Corse-du-Sud (2A),,41.76162,41.76162,WGS84,30,"Medetera aglaops Pollet, 2022",Animalia,species,ICZN
Event,en,http://creativecommons.org/publicdomain/zero/1.0/,Marc Pollet,http://www.inbo.be/en/norms-for-data-use,"",New Mediterranean Medetera with eye colour patterns,HumanObservation,Med:med:99026,Anja De Braekeleer,1,present,FR-COR:2019:118,2019-06-27,2019-06-27,on dry rocks near seep in SapiniËre forest,collected by hand,SA-BYWPT-02,Zonza,Europe,FR,Corse-du-Sud (2A),,41.76172,41.76172,WGS84,30,"Medetera aglaops Pollet, 2022",Animalia,species,ICZN
Event,en,http://creativecommons.org/publicdomain/zero/1.0/,Marc Pollet,http://www.inbo.be/en/norms-for-data-use,"",New Mediterranean Medetera with eye colour patterns,HumanObservation,Med:med:99270,Marc Pollet,3,present,FR-COR:2019:100,2019-06-27,2019-06-23,on dry rocks near seep in SapiniËre forest,white pan traps,SA-BYWPT-02,Zonza,Europe,FR,Corse-du-Sud (2A),,41.76172,41.76172,WGS84,30,"Medetera aglaops Pollet, 2022",Animalia,species,ICZN
Event,en,http://creativecommons.org/publicdomain/zero/1.0/,Marc Pollet,http://www.inbo.be/en/norms-for-data-use,"",New Mediterranean Medetera with eye colour patterns,HumanObservation,Med:med:99256,Marc Pollet,2,present,FR-COR:2019:100,2019-06-27,2019-06-23,on dry rocks near seep in SapiniËre forest,white pan traps,SA-BYWPT-02,Zonza,Europe,FR,Corse-du-Sud (2A),,41.76172,41.76172,WGS84,30,"Medetera aglaops Pollet, 2022",Animalia,species,ICZN
Event,en,http://creativecommons.org/publicdomain/zero/1.0/,Marc Pollet,http://www.inbo.be/en/norms-for-data-use,"",New Mediterranean Medetera with eye colour patterns,HumanObservation,Med:med:99268,Marc Pollet,5,present,FR-COR:2019:101,2019-06-27,2019-06-23,on dry rocks near seep in SapiniËre forest,blue pan traps,SA-BYWPT-02,Zonza,Europe,FR,Corse-du-Sud (2A),,41.76172,41.76172,WGS84,30,"Medetera aglaops Pollet, 2022",Animalia,species,ICZN
Event,en,http://creativecommons.org/publicdomain/zero/1.0/,Marc Pollet,http://www.inbo.be/en/norms-for-data-use,"",New Mediterranean Medetera with eye colour patterns,HumanObservation,Med:med:99267,Marc Pollet,2,present,FR-COR:2019:101,2019-06-27,2019-06-23,on dry rocks near seep in SapiniËre forest,blue pan traps,SA-BYWPT-02,Zonza,Europe,FR,Corse-du-Sud (2A),,41.76172,41.76172,WGS84,30,"Medetera aglaops Pollet, 2022",Animalia,species,ICZN
Event,en,http://creativecommons.org/publicdomain/zero/1.0/,Marc Pollet,http://www.inbo.be/en/norms-for-data-use,"",New Mediterranean Medetera with eye colour patterns,HumanObservation,Med:med:99265,Marc Pollet,5,present,FR-COR:2019:101,2019-06-27,2019-06-23,on dry rocks near seep in SapiniËre forest,blue pan traps,SA-BYWPT-02,Zonza,Europe,FR,Corse-du-Sud (2A),,41.76172,41.76172,WGS84,30,"Medetera aglaops Pollet, 2022",Animalia,species,ICZN
Event,en,http://creativecommons.org/publicdomain/zero/1.0/,Marc Pollet,http://www.inbo.be/en/norms-for-data-use,"",New Mediterranean Medetera with eye colour patterns,HumanObservation,Med:med:99257,Marc Pollet,3,present,FR-COR:2019:101,2019-06-27,2019-06-23,on dry rocks near seep in SapiniËre forest,blue pan traps,SA-BYWPT-02,Zonza,Europe,FR,Corse-du-Sud (2A),,41.76172,41.76172,WGS84,30,"Medetera aglaops Pollet, 2022",Animalia,species,ICZN
Event,en,http://creativecommons.org/publicdomain/zero/1.0/,Marc Pollet,http://www.inbo.be/en/norms-for-data-use,"",New Mediterranean Medetera with eye colour patterns,HumanObservation,Med:med:99266,Marc Pollet,5,present,FR-COR:2019:101,2019-06-27,2019-06-23,on dry rocks near seep in SapiniËre forest,blue pan traps,SA-BYWPT-02,Zonza,Europe,FR,Corse-du-Sud (2A),,41.76172,41.76172,WGS84,30,"Medetera aglaops Pollet, 2022",Animalia,species,ICZN
Event,en,http://creativecommons.org/publicdomain/zero/1.0/,Marc Pollet,http://www.inbo.be/en/norms-for-data-use,"",New Mediterranean Medetera with eye colour patterns,HumanObservation,Med:med:99264,Marc Pollet,5,present,FR-COR:2019:101,2019-06-27,2019-06-23,on dry rocks near seep in SapiniËre forest,blue pan traps,SA-BYWPT-02,Zonza,Europe,FR,Corse-du-Sud (2A),,41.76172,41.76172,WGS84,30,"Medetera aglaops Pollet, 2022",Animalia,species,ICZN
Event,en,http://creativecommons.org/publicdomain/zero/1.0/,Marc Pollet,http://www.inbo.be/en/norms-for-data-use,"",New Mediterranean Medetera with eye colour patterns,HumanObservation,Med:med:99260,Marc Pollet,4,present,FR-COR:2019:110,2019-06-27,2019-06-23,marshy seep in dry SapiniËre forest,white pan traps,SA-BYWPT-03,Zonza,Europe,FR,Corse-du-Sud (2A),,41.76100,41.76100,WGS84,30,"Medetera aglaops Pollet, 2022",Animalia,species,ICZN
Event,en,http://creativecommons.org/publicdomain/zero/1.0/,Marc Pollet,http://www.inbo.be/en/norms-for-data-use,"",New Mediterranean Medetera with eye colour patterns,HumanObservation,Med:med:99258,Marc Pollet,1,present,FR-COR:2019:108,2019-06-27,2019-06-23,marshy seep in dry SapiniËre forest,white pan traps,SA-BYWPT-03,Zonza,Europe,FR,Corse-du-Sud (2A),,41.76100,41.76100,WGS84,30,"Medetera aglaops Pollet, 2022",Animalia,species,ICZN
Event,en,http://creativecommons.org/publicdomain/zero/1.0/,Marc Pollet,http://www.inbo.be/en/norms-for-data-use,"",New Mediterranean Medetera with eye colour patterns,HumanObservation,Med:med:99259,Marc Pollet,8,present,FR-COR:2019:109,2019-06-27,2019-06-23,marshy seep in dry SapiniËre forest,blue pan traps,SA-BYWPT-03,Zonza,Europe,FR,Corse-du-Sud (2A),,41.76100,41.76100,WGS84,30,"Medetera aglaops Pollet, 2022",Animalia,species,ICZN
Event,en,http://creativecommons.org/publicdomain/zero/1.0/,Marc Pollet,http://www.inbo.be/en/norms-for-data-use,"",New Mediterranean Medetera with eye colour patterns,HumanObservation,Med:med:99262,Marc Pollet,5,present,FR-COR:2019:109,2019-06-27,2019-06-23,marshy seep in dry SapiniËre forest,blue pan traps,SA-BYWPT-03,Zonza,Europe,FR,Corse-du-Sud (2A),,41.76100,41.76100,WGS84,30,"Medetera aglaops Pollet, 2022",Animalia,species,ICZN
Event,en,http://creativecommons.org/publicdomain/zero/1.0/,Marc Pollet,http://www.inbo.be/en/norms-for-data-use,"",New Mediterranean Medetera with eye colour patterns,HumanObservation,Med:med:99263,Marc Pollet,3,present,FR-COR:2019:109,2019-06-27,2019-06-23,marshy seep in dry SapiniËre forest,blue pan traps,SA-BYWPT-03,Zonza,Europe,FR,Corse-du-Sud (2A),,41.76100,41.76100,WGS84,30,"Medetera aglaops Pollet, 2022",Animalia,species,ICZN
Event,en,http://creativecommons.org/publicdomain/zero/1.0/,Marc Pollet,http://www.inbo.be/en/norms-for-data-use,"",New Mediterranean Medetera with eye colour patterns,HumanObservation,Med:med:99666,Marc Pollet,1,present,FR-COR:2019:115,2019-06-27,2019-06-27,seep on rocks in SapiniËre forest,collected by hand,SA-BYWPT-04,Zonza,Europe,FR,Corse-du-Sud (2A),,41.76114,41.76114,WGS84,30,"Medetera aglaops Pollet, 2022",Animalia,species,ICZN
Event,en,http://creativecommons.org/publicdomain/zero/1.0/,Marc Pollet,http://www.inbo.be/en/norms-for-data-use,"",New Mediterranean Medetera with eye colour patterns,HumanObservation,Med:med:99261,Marc Pollet,5,present,FR-COR:2019:114,2019-06-27,2019-06-23,on rocky seep in SapiniËre forest (edge of forest),blue pan traps,SA-BYWPT-04,Zonza,Europe,FR,Corse-du-Sud (2A),,41.76114,41.76114,WGS84,30,"Medetera aglaops Pollet, 2022",Animalia,species,ICZN
Event,en,http://creativecommons.org/publicdomain/zero/1.0/,Marc Pollet,http://www.inbo.be/en/norms-for-data-use,"",New Mediterranean Medetera with eye colour patterns,HumanObservation,Med:med:120878,Julien Touroult,1,present,FR-COR:2019:230,2019-07-10,2019-06-26,-,Malaise trap,S2-ML2,Sorbollano,Europe,FR,Corse-du-Sud (2A),,41.77081,41.77081,WGS84,30,"Medetera corsicana Pollet, 2022",Animalia,species,ICZN
Event,en,http://creativecommons.org/publicdomain/zero/1.0/,Marc Pollet,http://www.inbo.be/en/norms-for-data-use,"",New Mediterranean Medetera with eye colour patterns,HumanObservation,Med:med:120788,Julien Touroult,1,present,FR-COR:2019:213,2019-07-10,2019-06-26,-,Malaise trap,S2-ML2,Sorbollano,Europe,FR,Corse-du-Sud (2A),,41.76987,41.76987,WGS84,30,"Medetera corsicana Pollet, 2022",Animalia,species,ICZN
Event,en,http://creativecommons.org/publicdomain/zero/1.0/,Marc Pollet,http://www.inbo.be/en/norms-for-data-use,"",New Mediterranean Medetera with eye colour patterns,HumanObservation,Med:med:120828,Julien Touroult,1,present,FR-COR:2019:235,2019-07-24,2019-07-10,-,Malaise trap,S2-ML2,Sorbollano,Europe,FR,Corse-du-Sud (2A),,41.76987,41.76987,WGS84,30,"Medetera corsicana Pollet, 2022",Animalia,species,ICZN
Event,en,http://creativecommons.org/publicdomain/zero/1.0/,Marc Pollet,http://www.inbo.be/en/norms-for-data-use,"",New Mediterranean Medetera with eye colour patterns,HumanObservation,Med:med:117682,Rui Andrade,6,present,ES:2015:259:RA,2015-05-13,,very dry habitat mostly covered by sclerophyllous shrubs and patches of pine forest,sweepnet,-,Fraga,Europe,ES,Huesca,-,41.51131,41.51131,WGS84,30,"Medetera gibbosipyga Pollet, 2022",Animalia,species,ICZN
Event,en,http://creativecommons.org/publicdomain/zero/1.0/,Marc Pollet,http://www.inbo.be/en/norms-for-data-use,"",New Mediterranean Medetera with eye colour patterns,HumanObservation,Med:med:117649,Ana Rita Gon√ßalves,2,present,ES:2014:187:AG,2014-08-04,,"mountainous area, covered mostly by shrubs and grasses and some coniferous trees, Fraxinus sp. and other trees scattered across the landscape; with a small stream running through the rocky soil",sweepnet,-,Alta Ribagor√ßa,Europe,ES,Lleida,-,42.35622,42.35622,WGS84,30,"Medetera gibbosipyga Pollet, 2022",Animalia,species,ICZN
Event,en,http://creativecommons.org/publicdomain/zero/1.0/,Marc Pollet,http://www.inbo.be/en/norms-for-data-use,"",New Mediterranean Medetera with eye colour patterns,HumanObservation,Med:med:118138,Rui Andrade,3,present,ES:2014:250:RA,2014-08-03,,"mountain slope covered mostly by shrubs, grasses and several flowering Apiaceae",sweepnet,-,Pallars Sobir√†,Europe,ES,Lleida,-,42.37294,42.37294,WGS84,30,"Medetera rectipyga Pollet, 2022",Animalia,species,ICZN
Event,en,http://creativecommons.org/publicdomain/zero/1.0/,Marc Pollet,http://www.inbo.be/en/norms-for-data-use,"",New Mediterranean Medetera with eye colour patterns,HumanObservation,Med:med:118124,Rui Andrade & Ana Gon√ßalves,3,present,ES:2014:167:RA&AG,2014-08-02,,"mountainous site with a mosaic of pastures and forest (e.g., Fraxinus sp., Populus sp., Corylus avellana)",sweepnet,-,Pallars Sobir√†,Europe,ES,Lleida,-,42.45100,42.45100,WGS84,30,"Medetera rectipyga Pollet, 2022",Animalia,species,ICZN
Event,en,http://creativecommons.org/publicdomain/zero/1.0/,Marc Pollet,http://www.inbo.be/en/norms-for-data-use,"",New Mediterranean Medetera with eye colour patterns,HumanObservation,Med:med:118130,Rui Andrade & Ana Gon√ßalves,4,present,ES:2014:216:RA&AG,2014-08-03,,"mountainous site with a mosaic of pastures and forest (e.g., Fraxinus sp., Populus sp., Corylus avellana)",sweepnet,-,Pallars Sobir√†,Europe,ES,Lleida,-,42.45100,42.45100,WGS84,30,"Medetera rectipyga Pollet, 2022",Animalia,species,ICZN
