taxonKey	scientificName	acceptedTaxonKey	acceptedScientificName	numberOfOccurrences	taxonRank	taxonomicStatus	kingdom	kingdomKey	phylum	phylumKey	class	classKey	order	orderKey	family	familyKey	genus	genusKey	species	speciesKey
9384117	Anser anser f. domesticus	9384117	Anser anser f. domesticus	10666	FORM	ACCEPTED	Animalia	1	Chordata	44	Aves	212	Anseriformes	1108	Anatidae	2986	Anser	2498016	Anser anser	2498036
2498154	Anas americana (Gmelin, 1789)	2498154	Anas americana (Gmelin, 1789)	12	SPECIES	ACCEPTED	Animalia	1	Chordata	44	Aves	212	Anseriformes	1108	Anatidae	2986	Anas	2498056	Anas americana	2498154
4408498	Crex crex (Linnaeus, 1758)	4408498	Crex crex (Linnaeus, 1758)	1	SPECIES	ACCEPTED	Animalia	1	Chordata	44	Aves	212	Gruiformes	1493	Rallidae	9342	Crex	3242956	Crex crex	4408498
2480876	Egretta garzetta (Linnaeus, 1766)	2480876	Egretta garzetta (Linnaeus, 1766)	1274	SPECIES	ACCEPTED	Animalia	1	Chordata	44	Aves	212	Pelecaniformes	7190953	Ardeidae	3685	Egretta	2480872	Egretta garzetta	2480876
2481835	Lymnocryptes minimus (Brunnich, 1764)	2481835	Lymnocryptes minimus (Brunnich, 1764)	358	SPECIES	ACCEPTED	Animalia	1	Chordata	44	Aves	212	Charadriiformes	7192402	Scolopacidae	5282	Lymnocryptes	2481834	Lymnocryptes minimus	2481835
2498352	Somateria mollissima (Linnaeus, 1758)	2498352	Somateria mollissima (Linnaeus, 1758)	292	SPECIES	ACCEPTED	Animalia	1	Chordata	44	Aves	212	Anseriformes	1108	Anatidae	2986	Somateria	2498349	Somateria mollissima	2498352
2481861	Phalacrocorax aristotelis (Linnaeus, 1761)	2481861	Phalacrocorax aristotelis (Linnaeus, 1761)	38	SPECIES	ACCEPTED	Animalia	1	Chordata	44	Aves	212	Suliformes	7192775	Phalacrocoracidae	5268	Phalacrocorax	2481854	Phalacrocorax aristotelis	2481861
2498344	Cygnus atratus (Latham, 1790)	2498344	Cygnus atratus (Latham, 1790)	956	SPECIES	ACCEPTED	Animalia	1	Chordata	44	Aves	212	Anseriformes	1108	Anatidae	2986	Cygnus	2498334	Cygnus atratus	2498344
5232449	Branta bernicla nigricans (Lawrence, 1846)	5232449	Branta bernicla nigricans (Lawrence, 1846)	3	SUBSPECIES	ACCEPTED	Animalia	1	Chordata	44	Aves	212	Anseriformes	1108	Anatidae	2986	Branta	2498190	Branta bernicla	5232446
2481127	Larus hyperboreus Gunnerus, 1767	2481127	Larus hyperboreus Gunnerus, 1767	4	SPECIES	ACCEPTED	Animalia	1	Chordata	44	Aves	212	Charadriiformes	7192402	Laridae	9316	Larus	2481126	Larus hyperboreus	2481127
2481743	Calidris maritima (Brunnich, 1764)	2481743	Calidris maritima (Brunnich, 1764)	67	SPECIES	ACCEPTED	Animalia	1	Chordata	44	Aves	212	Charadriiformes	7192402	Scolopacidae	5282	Calidris	2481739	Calidris maritima	2481743
2498107	Anas formosa Georgi, 1775	2498107	Anas formosa Georgi, 1775	4	SPECIES	ACCEPTED	Animalia	1	Chordata	44	Aves	212	Anseriformes	1108	Anatidae	2986	Anas	2498056	Anas formosa	2498107
2498111	Anas penelope Linnaeus, 1758	2498111	Anas penelope Linnaeus, 1758	16030	SPECIES	ACCEPTED	Animalia	1	Chordata	44	Aves	212	Anseriformes	1108	Anatidae	2986	Anas	2498056	Anas penelope	2498111
2481954	Gavia Forster, 1788	2481954	Gavia Forster, 1788	23	GENUS	ACCEPTED	Animalia	1	Chordata	44	Aves	212	Gaviiformes	7192754	Gaviidae	9312	Gavia	2481954		
5232445	Branta sandvicensis (Vigors, 1834)	5232445	Branta sandvicensis (Vigors, 1834)	17	SPECIES	ACCEPTED	Animalia	1	Chordata	44	Aves	212	Anseriformes	1108	Anatidae	2986	Branta	2498190	Branta sandvicensis	5232445
2498125	Anas carolinensis Gmelin, 1789	2498125	Anas carolinensis Gmelin, 1789	14	SPECIES	ACCEPTED	Animalia	1	Chordata	44	Aves	212	Anseriformes	1108	Anatidae	2986	Anas	2498056	Anas carolinensis	2498125
2498265	Aythya marila (Linnaeus, 1761)	2498265	Aythya marila (Linnaeus, 1761)	642	SPECIES	ACCEPTED	Animalia	1	Chordata	44	Aves	212	Anseriformes	1108	Anatidae	2986	Aythya	2498254	Aythya marila	2498265
2481741	Calidris ferruginea (Pontoppidan, 1763)	2481741	Calidris ferruginea (Pontoppidan, 1763)	14	SPECIES	ACCEPTED	Animalia	1	Chordata	44	Aves	212	Charadriiformes	7192402	Scolopacidae	5282	Calidris	2481739	Calidris ferruginea	2481741
2480910	Botaurus stellaris (Linnaeus, 1758)	2480910	Botaurus stellaris (Linnaeus, 1758)	652	SPECIES	ACCEPTED	Animalia	1	Chordata	44	Aves	212	Pelecaniformes	7190953	Ardeidae	3685	Botaurus	2480909	Botaurus stellaris	2480910
2498167	Anser caerulescens (Linnaeus, 1758)	2498165	Chen caerulescens Linnaeus, 1758	77	SPECIES	SYNONYM	Animalia	1	Chordata	44	Aves	212	Anseriformes	1108	Anatidae	2986	Chen	2498159	Chen caerulescens	2498165
2481740	Calidris temminckii (Leisler, 1812)	2481740	Calidris temminckii (Leisler, 1812)	2	SPECIES	ACCEPTED	Animalia	1	Chordata	44	Aves	212	Charadriiformes	7192402	Scolopacidae	5282	Calidris	2481739	Calidris temminckii	2481740
2498302	Oxyura leucocephala (Scopoli, 1769)	2498302	Oxyura leucocephala (Scopoli, 1769)	2	SPECIES	ACCEPTED	Animalia	1	Chordata	44	Aves	212	Anseriformes	1108	Anatidae	2986	Oxyura	2498299	Oxyura leucocephala	2498302
2481792	Numenius arquata (Linnaeus, 1758)	2481792	Numenius arquata (Linnaeus, 1758)	9023	SPECIES	ACCEPTED	Animalia	1	Chordata	44	Aves	212	Charadriiformes	7192402	Scolopacidae	5282	Numenius	7875964	Numenius arquata	2481792
6178325	Anser albifrons flavirostris Dalgety & P.Scott, 1948	6178325	Anser albifrons flavirostris Dalgety & P.Scott, 1948	1	SUBSPECIES	ACCEPTED	Animalia	1	Chordata	44	Aves	212	Anseriformes	1108	Anatidae	2986	Anser	2498016	Anser albifrons	2498017
5232464	Branta leucopsis (Bechstein, 1803)	5232464	Branta leucopsis (Bechstein, 1803)	4436	SPECIES	ACCEPTED	Animalia	1	Chordata	44	Aves	212	Anseriformes	1108	Anatidae	2986	Branta	2498190	Branta leucopsis	5232464
2481681	Limosa lapponica (Linnaeus, 1758)	2481681	Limosa lapponica (Linnaeus, 1758)	295	SPECIES	ACCEPTED	Animalia	1	Chordata	44	Aves	212	Charadriiformes	7192402	Scolopacidae	5282	Limosa	2481679	Limosa lapponica	2481681
2481174	Larus fuscus Linnaeus, 1758	2481174	Larus fuscus Linnaeus, 1758	3814	SPECIES	ACCEPTED	Animalia	1	Chordata	44	Aves	212	Charadriiformes	7192402	Laridae	9316	Larus	2481126	Larus fuscus	2481174
2498027	Anser fabalis (Latham, 1787)	2498027	Anser fabalis (Latham, 1787)	132	SPECIES	ACCEPTED	Animalia	1	Chordata	44	Aves	212	Anseriformes	1108	Anatidae	2986	Anser	2498016	Anser fabalis	2498027
5232428	Chloephaga picta (Gmelin, 1789)	5232428	Chloephaga picta (Gmelin, 1789)	199	SPECIES	ACCEPTED	Animalia	1	Chordata	44	Aves	212	Anseriformes	1108	Anatidae	2986	Chloephaga	2497988	Chloephaga picta	5232428
2498305	Oxyura jamaicensis (Gmelin, 1789)	2498305	Oxyura jamaicensis (Gmelin, 1789)	317	SPECIES	ACCEPTED	Animalia	1	Chordata	44	Aves	212	Anseriformes	1108	Anatidae	2986	Oxyura	2498299	Oxyura jamaicensis	2498305
2498375	Mergus serrator Linnaeus, 1758	2498375	Mergus serrator Linnaeus, 1758	556	SPECIES	ACCEPTED	Animalia	1	Chordata	44	Aves	212	Anseriformes	1108	Anatidae	2986	Mergus	2498368	Mergus serrator	2498375
9691034	Phoenicopterus ruber Linnaeus, 1758	9691034	Phoenicopterus ruber Linnaeus, 1758	8	SPECIES	ACCEPTED	Animalia	1	Chordata	44	Aves	212	Phoenicopteriformes	7191426	Phoenicopteridae	5269	Phoenicopterus	2481102	Phoenicopterus ruber	9691034
2481748	Calidris alba (Pallas, 1764)	2481748	Calidris alba (Pallas, 1764)	117	SPECIES	ACCEPTED	Animalia	1	Chordata	44	Aves	212	Charadriiformes	7192402	Scolopacidae	5282	Calidris	2481739	Calidris alba	2481748
2481959	Gavia arctica (Linnaeus, 1758)	2481959	Gavia arctica (Linnaeus, 1758)	53	SPECIES	ACCEPTED	Animalia	1	Chordata	44	Aves	212	Gaviiformes	7192754	Gaviidae	9312	Gavia	2481954	Gavia arctica	2481959
2498390	Marmaronetta angustirostris (Ménétriés, 1832)	2498390	Marmaronetta angustirostris (Ménétriés, 1832)	6	SPECIES	ACCEPTED	Animalia	1	Chordata	44	Aves	212	Anseriformes	1108	Anatidae	2986	Marmaronetta	2498389	Marmaronetta angustirostris	2498390
8214667	Anas crecca Linnaeus, 1758	8214667	Anas crecca Linnaeus, 1758	32095	SPECIES	ACCEPTED	Animalia	1	Chordata	44	Aves	212	Anseriformes	1108	Anatidae	2986	Anas	2498056	Anas crecca	8214667
2480946	Egretta alba (Linnaeus, 1758)	9752617	Ardea alba Linnaeus, 1758	3909	SPECIES	SYNONYM	Animalia	1	Chordata	44	Aves	212	Pelecaniformes	7190953	Ardeidae	3685	Ardea	2480922	Ardea alba	9752617
2482049	Podiceps Latham, 1787	2482049	Podiceps Latham, 1787	4	GENUS	ACCEPTED	Animalia	1	Chordata	44	Aves	212	Podicipediformes	7191588	Podicipedidae	9338	Podiceps	2482049		
2481759	Calidris alpina (Linnaeus, 1758)	2481759	Calidris alpina (Linnaeus, 1758)	1635	SPECIES	ACCEPTED	Animalia	1	Chordata	44	Aves	212	Charadriiformes	7192402	Scolopacidae	5282	Calidris	2481739	Calidris alpina	2481759
2480282	Eudromias morinellus (Linnaeus, 1758)	2480281	Charadrius morinellus Linnaeus, 1758	1	SPECIES	SYNONYM	Animalia	1	Chordata	44	Aves	212	Charadriiformes	7192402	Charadriidae	2480210	Charadrius	2480277	Charadrius morinellus	2480281
2498017	Anser albifrons (Scopoli, 1769)	2498017	Anser albifrons (Scopoli, 1769)	3342	SPECIES	ACCEPTED	Animalia	1	Chordata	44	Aves	212	Anseriformes	1108	Anatidae	2986	Anser	2498016	Anser albifrons	2498017
2498090	Anas bahamensis Linnaeus, 1758	2498090	Anas bahamensis Linnaeus, 1758	76	SPECIES	ACCEPTED	Animalia	1	Chordata	44	Aves	212	Anseriformes	1108	Anatidae	2986	Anas	2498056	Anas bahamensis	2498090
2498408	Lophodytes cucullatus (Linnaeus, 1758)	2498408	Lophodytes cucullatus (Linnaeus, 1758)	37	SPECIES	ACCEPTED	Animalia	1	Chordata	44	Aves	212	Anseriformes	1108	Anatidae	2986	Lophodytes	2498407	Lophodytes cucullatus	2498408
2481685	Limosa limosa (Linnaeus, 1758)	2481685	Limosa limosa (Linnaeus, 1758)	1100	SPECIES	ACCEPTED	Animalia	1	Chordata	44	Aves	212	Charadriiformes	7192402	Scolopacidae	5282	Limosa	2481679	Limosa limosa	2481685
2498384	Callonetta leucophrys (Vieillot, 1816)	2498384	Callonetta leucophrys (Vieillot, 1816)	85	SPECIES	ACCEPTED	Animalia	1	Chordata	44	Aves	212	Anseriformes	1108	Anatidae	2986	Callonetta	2498383	Callonetta leucophrys	2498384
2480331	Pluvialis fulva (Gmelin, 1789)	2480331	Pluvialis fulva (Gmelin, 1789)	3	SPECIES	ACCEPTED	Animalia	1	Chordata	44	Aves	212	Charadriiformes	7192402	Charadriidae	2480210	Pluvialis	2480326	Pluvialis fulva	2480331
5739290	Phalaropus lobatus (Linnaeus, 1758)	5739290	Phalaropus lobatus (Linnaeus, 1758)	1	SPECIES	ACCEPTED	Animalia	1	Chordata	44	Aves	212	Charadriiformes	7192402	Scolopacidae	5282	Phalaropus	9549339	Phalaropus lobatus	5739290
2474831	Rallus aquaticus Linnaeus, 1758	2474831	Rallus aquaticus Linnaeus, 1758	2456	SPECIES	ACCEPTED	Animalia	1	Chordata	44	Aves	212	Gruiformes	1493	Rallidae	9342	Rallus	2474794	Rallus aquaticus	2474831
2498156	Anas undulata C.F.Dubois, 1839	2498156	Anas undulata C.F.Dubois, 1839	1	SPECIES	ACCEPTED	Animalia	1	Chordata	44	Aves	212	Anseriformes	1108	Anatidae	2986	Anas	2498056	Anas undulata	2498156
2482065	Podiceps nigricollis C.L.Brehm, 1831	2482065	Podiceps nigricollis C.L.Brehm, 1831	826	SPECIES	ACCEPTED	Animalia	1	Chordata	44	Aves	212	Podicipediformes	7191588	Podicipedidae	9338	Podiceps	2482049	Podiceps nigricollis	2482065
5229230	Sterna paradisaea Pontoppidan, 1763	5229230	Sterna paradisaea Pontoppidan, 1763	3	SPECIES	ACCEPTED	Animalia	1	Chordata	44	Aves	212	Charadriiformes	7192402	Laridae	9316	Sterna	2481227	Sterna paradisaea	5229230
2498036	Anser anser (Linnaeus, 1758)	2498036	Anser anser (Linnaeus, 1758)	12608	SPECIES	ACCEPTED	Animalia	1	Chordata	44	Aves	212	Anseriformes	1108	Anatidae	2986	Anser	2498016	Anser anser	2498036
2481134	Larus delawarensis Ord, 1815	2481134	Larus delawarensis Ord, 1815	1	SPECIES	ACCEPTED	Animalia	1	Chordata	44	Aves	212	Charadriiformes	7192402	Laridae	9316	Larus	2481126	Larus delawarensis	2481134
2481749	Calidris minuta (Leisler, 1812)	2481749	Calidris minuta (Leisler, 1812)	55	SPECIES	ACCEPTED	Animalia	1	Chordata	44	Aves	212	Charadriiformes	7192402	Scolopacidae	5282	Calidris	2481739	Calidris minuta	2481749
2498286	Mergus albellus Linnaeus, 1758	2498285	Mergellus albellus (Linnaeus, 1758)	1935	SPECIES	SYNONYM	Animalia	1	Chordata	44	Aves	212	Anseriformes	1108	Anatidae	2986	Mergellus	2498284	Mergellus albellus	2498285
2498046	Chenonetta jubata (Latham, 1802)	2498046	Chenonetta jubata (Latham, 1802)	20	SPECIES	ACCEPTED	Animalia	1	Chordata	44	Aves	212	Anseriformes	1108	Anatidae	2986	Chenonetta	2498045	Chenonetta jubata	2498046
2480332	Pluvialis apricaria (Linnaeus, 1758)	2480332	Pluvialis apricaria (Linnaeus, 1758)	1335	SPECIES	ACCEPTED	Animalia	1	Chordata	44	Aves	212	Charadriiformes	7192402	Charadriidae	2480210	Pluvialis	2480326	Pluvialis apricaria	2480332
2481958	Gavia stellata (Pontoppidan, 1763)	2481958	Gavia stellata (Pontoppidan, 1763)	118	SPECIES	ACCEPTED	Animalia	1	Chordata	44	Aves	212	Gaviiformes	7192754	Gaviidae	9312	Gavia	2481954	Gavia stellata	2481958
2498112	Anas acuta Linnaeus, 1758	2498112	Anas acuta Linnaeus, 1758	8010	SPECIES	ACCEPTED	Animalia	1	Chordata	44	Aves	212	Anseriformes	1108	Anatidae	2986	Anas	2498056	Anas acuta	2498112
9577769	Anas platyrhynchos f. domesticus	9577769	Anas platyrhynchos f. domesticus	13281	FORM	ACCEPTED	Animalia	1	Chordata	44	Aves	212	Anseriformes	1108	Anatidae	2986	Anas	2498056	Anas platyrhynchos	9761484
2481962	Gavia immer (Brunnich, 1764)	2481962	Gavia immer (Brunnich, 1764)	58	SPECIES	ACCEPTED	Animalia	1	Chordata	44	Aves	212	Gaviiformes	7192754	Gaviidae	9312	Gavia	2481954	Gavia immer	2481962
2498139	Anas cyanoptera Vieillot, 1816	2498139	Anas cyanoptera Vieillot, 1816	16	SPECIES	ACCEPTED	Animalia	1	Chordata	44	Aves	212	Anseriformes	1108	Anatidae	2986	Anas	2498056	Anas cyanoptera	2498139
5229387	Philomachus pugnax (Linnaeus, 1758)	5229387	Philomachus pugnax (Linnaeus, 1758)	1287	SPECIES	ACCEPTED	Animalia	1	Chordata	44	Aves	212	Charadriiformes	7192402	Scolopacidae	5282	Philomachus	2481691	Philomachus pugnax	5229387
2482048	Tachybaptus ruficollis (Pallas, 1764)	2482048	Tachybaptus ruficollis (Pallas, 1764)	16795	SPECIES	ACCEPTED	Animalia	1	Chordata	44	Aves	212	Podicipediformes	7191588	Podicipedidae	9338	Tachybaptus	2482040	Tachybaptus ruficollis	2482048
9576332	Anser cygnoides f. domesticus	9576332	Anser cygnoides f. domesticus	243	FORM	ACCEPTED	Animalia	1	Chordata	44	Aves	212	Anseriformes	1108	Anatidae	2986	Anser	2498016	Anser cygnoides	2498034
5232422	Chloephaga melanoptera (Eyton, 1838)	5232422	Chloephaga melanoptera (Eyton, 1838)	1	SPECIES	ACCEPTED	Animalia	1	Chordata	44	Aves	212	Anseriformes	1108	Anatidae	2986	Chloephaga	2497988	Chloephaga melanoptera	5232422
2481299	Alle alle (Linnaeus, 1758)	2481299	Alle alle (Linnaeus, 1758)	1	SPECIES	ACCEPTED	Animalia	1	Chordata	44	Aves	212	Charadriiformes	7192402	Alcidae	2985	Alle	2481298	Alle alle	2481299
5229223	Sterna sandvicensis Latham, 1787	2481240	Thalasseus sandvicensis (Latham, 1787)	1	SPECIES	SYNONYM	Animalia	1	Chordata	44	Aves	212	Charadriiformes	7192402	Laridae	9316	Thalasseus	7735797	Thalasseus sandvicensis	2481240
2480764	Threskiornis aethiopicus (Latham, 1790)	2480764	Threskiornis aethiopicus (Latham, 1790)	19	SPECIES	ACCEPTED	Animalia	1	Chordata	44	Aves	212	Pelecaniformes	7190953	Threskiornithidae	5288	Threskiornis	2480763	Threskiornis aethiopicus	2480764
2498329	Bucephala albeola (Linnaeus, 1758)	2498329	Bucephala albeola (Linnaeus, 1758)	15	SPECIES	ACCEPTED	Animalia	1	Chordata	44	Aves	212	Anseriformes	1108	Anatidae	2986	Bucephala	2498324	Bucephala albeola	2498329
9761484	Anas platyrhynchos Linnaeus, 1758	9761484	Anas platyrhynchos Linnaeus, 1758	76093	SPECIES	ACCEPTED	Animalia	1	Chordata	44	Aves	212	Anseriformes	1108	Anatidae	2986	Anas	2498056	Anas platyrhynchos	9761484
5232437	Branta canadensis (Linnaeus, 1758)	5232437	Branta canadensis (Linnaeus, 1758)	18577	SPECIES	ACCEPTED	Animalia	1	Chordata	44	Aves	212	Anseriformes	1108	Anatidae	2986	Branta	2498190	Branta canadensis	5232437
2480311	Charadrius alexandrinus Linnaeus, 1758	2480311	Charadrius alexandrinus Linnaeus, 1758	5	SPECIES	ACCEPTED	Animalia	1	Chordata	44	Aves	212	Charadriiformes	7192402	Charadriidae	2480210	Charadrius	2480277	Charadrius alexandrinus	2480311
2481784	Numenius phaeopus (Linnaeus, 1758)	2481784	Numenius phaeopus (Linnaeus, 1758)	33	SPECIES	ACCEPTED	Animalia	1	Chordata	44	Aves	212	Charadriiformes	7192402	Scolopacidae	5282	Numenius	7875964	Numenius phaeopus	2481784
2498010	Tadorna cana (Gmelin, 1789)	2498010	Tadorna cana (Gmelin, 1789)	5	SPECIES	ACCEPTED	Animalia	1	Chordata	44	Aves	212	Anseriformes	1108	Anatidae	2986	Tadorna	7485221	Tadorna cana	2498010
7191099	Branta hutchinsii hutchinsii	7191099	Branta hutchinsii hutchinsii	103	SUBSPECIES	ACCEPTED	Animalia	1	Chordata	44	Aves	212	Anseriformes	1108	Anatidae	2986	Branta	2498190	Branta hutchinsii	5232452
2481342	Uria aalge (Pontoppidan, 1763)	2481342	Uria aalge (Pontoppidan, 1763)	4	SPECIES	ACCEPTED	Animalia	1	Chordata	44	Aves	212	Charadriiformes	7192402	Alcidae	2985	Uria	2481338	Uria aalge	2481342
2480863	Nycticorax nycticorax (Linnaeus, 1758)	2480863	Nycticorax nycticorax (Linnaeus, 1758)	53	SPECIES	ACCEPTED	Animalia	1	Chordata	44	Aves	212	Pelecaniformes	7190953	Ardeidae	3685	Nycticorax	7824892	Nycticorax nycticorax	2480863
2498073	Anas discors Linnaeus, 1766	2498073	Anas discors Linnaeus, 1766	2	SPECIES	ACCEPTED	Animalia	1	Chordata	44	Aves	212	Anseriformes	1108	Anatidae	2986	Anas	2498056	Anas discors	2498073
2498273	Clangula hyemalis (Linnaeus, 1758)	2498273	Clangula hyemalis (Linnaeus, 1758)	58	SPECIES	ACCEPTED	Animalia	1	Chordata	44	Aves	212	Anseriformes	1108	Anatidae	2986	Clangula	2498272	Clangula hyemalis	2498273
2482054	Podiceps cristatus (Linnaeus, 1758)	2482054	Podiceps cristatus (Linnaeus, 1758)	29990	SPECIES	ACCEPTED	Animalia	1	Chordata	44	Aves	212	Podicipediformes	7191588	Podicipedidae	9338	Podiceps	2482049	Podiceps cristatus	2482054
2481728	Tringa ochropus Linnaeus, 1758	2481728	Tringa ochropus Linnaeus, 1758	2562	SPECIES	ACCEPTED	Animalia	1	Chordata	44	Aves	212	Charadriiformes	7192402	Scolopacidae	5282	Tringa	2481709	Tringa ochropus	2481728
2498015	Tadorna ferruginea (Pallas, 1764)	2498015	Tadorna ferruginea (Pallas, 1764)	587	SPECIES	ACCEPTED	Animalia	1	Chordata	44	Aves	212	Anseriformes	1108	Anatidae	2986	Tadorna	7485221	Tadorna ferruginea	2498015
2481164	Larus sabini Sabine, 1819	2481221	Xema sabini (Sabine, 1819)	3	SPECIES	SYNONYM	Animalia	1	Chordata	44	Aves	212	Charadriiformes	7192402	Laridae	9316	Xema	2481220	Xema sabini	2481221
2498387	Aix sponsa Linnaeus, 1758	2498387	Aix sponsa Linnaeus, 1758	352	SPECIES	ACCEPTED	Animalia	1	Chordata	44	Aves	212	Anseriformes	1108	Anatidae	2986	Aix	2498386	Aix sponsa	2498387
2481800	Actitis hypoleucos (Linnaeus, 1758)	2481800	Actitis hypoleucos (Linnaeus, 1758)	1817	SPECIES	ACCEPTED	Animalia	1	Chordata	44	Aves	212	Charadriiformes	7192402	Scolopacidae	5282	Actitis	2481797	Actitis hypoleucos	2481800
2481890	Phalacrocorax carbo (Linnaeus, 1758)	2481890	Phalacrocorax carbo (Linnaeus, 1758)	36157	SPECIES	ACCEPTED	Animalia	1	Chordata	44	Aves	212	Suliformes	7192775	Phalacrocoracidae	5268	Phalacrocorax	2481854	Phalacrocorax carbo	2481890
2481700	Scolopax rusticola Linnaeus, 1758	2481700	Scolopax rusticola Linnaeus, 1758	267	SPECIES	ACCEPTED	Animalia	1	Chordata	44	Aves	212	Charadriiformes	7192402	Scolopacidae	5282	Scolopax	2481693	Scolopax rusticola	2481700
9413670	Larus michahellis J.F.Naumann, 1840	9413670	Larus michahellis J.F.Naumann, 1840	231	SPECIES	ACCEPTED	Animalia	1	Chordata	44	Aves	212	Charadriiformes	7192402	Laridae	9316	Larus	2481126	Larus michahellis	9413670
2498393	Dendrocygna autumnalis Linnaeus, 1758	2498393	Dendrocygna autumnalis Linnaeus, 1758	10	SPECIES	ACCEPTED	Animalia	1	Chordata	44	Aves	212	Anseriformes	1108	Anatidae	2986	Dendrocygna	2498392	Dendrocygna autumnalis	2498393
5229390	Phalaropus fulicarius (Linnaeus, 1758)	5229390	Phalaropus fulicarius (Linnaeus, 1758)	5	SPECIES	ACCEPTED	Animalia	1	Chordata	44	Aves	212	Charadriiformes	7192402	Scolopacidae	5282	Phalaropus	9549339	Phalaropus fulicarius	5229390
2480327	Pluvialis squatarola Linnaeus, 1758	2480327	Pluvialis squatarola Linnaeus, 1758	429	SPECIES	ACCEPTED	Animalia	1	Chordata	44	Aves	212	Charadriiformes	7192402	Charadriidae	2480210	Pluvialis	2480326	Pluvialis squatarola	2480327
2480850	Ixobrychus minutus (Linnaeus, 1766)	2480850	Ixobrychus minutus (Linnaeus, 1766)	1	SPECIES	ACCEPTED	Animalia	1	Chordata	44	Aves	212	Pelecaniformes	7190953	Ardeidae	3685	Ixobrychus	2480843	Ixobrychus minutus	2480850
5229126	Himantopus himantopus (Linnaeus, 1758)	5229126	Himantopus himantopus (Linnaeus, 1758)	3	SPECIES	ACCEPTED	Animalia	1	Chordata	44	Aves	212	Charadriiformes	7192402	Recurvirostridae	4287244	Himantopus	2480217	Himantopus himantopus	5229126
2480352	Pelecanus rufescens Gmelin, 1789	2480352	Pelecanus rufescens Gmelin, 1789	2	SPECIES	ACCEPTED	Animalia	1	Chordata	44	Aves	212	Pelecaniformes	7190953	Pelecanidae	9329	Pelecanus	2480348	Pelecanus rufescens	2480352
2498252	Alopochen aegyptiaca (Linnaeus, 1766)	2498252	Alopochen aegyptiaca (Linnaeus, 1766)	15958	SPECIES	ACCEPTED	Animalia	1	Chordata	44	Aves	212	Anseriformes	1108	Anatidae	2986	Alopochen	2498251	Alopochen aegyptiaca	2498252
7788295	Haematopus ostralegus Linnaeus, 1758	7788295	Haematopus ostralegus Linnaeus, 1758	7121	SPECIES	ACCEPTED	Animalia	1	Chordata	44	Aves	212	Charadriiformes	7192402	Haematopodidae	4287243	Haematopus	2480260	Haematopus ostralegus	7788295
2481139	Larus argentatus Pontoppidan, 1763	2481139	Larus argentatus Pontoppidan, 1763	13606	SPECIES	ACCEPTED	Animalia	1	Chordata	44	Aves	212	Charadriiformes	7192402	Laridae	9316	Larus	2481126	Larus argentatus	2481139
2498343	Cygnus olor (Gmelin, 1789)	2498343	Cygnus olor (Gmelin, 1789)	13963	SPECIES	ACCEPTED	Animalia	1	Chordata	44	Aves	212	Anseriformes	1108	Anatidae	2986	Cygnus	2498334	Cygnus olor	2498343
2474950	Grus grus (Linnaeus, 1758)	2474950	Grus grus (Linnaeus, 1758)	39	SPECIES	ACCEPTED	Animalia	1	Chordata	44	Aves	212	Gruiformes	1493	Gruidae	9313	Grus	2474940	Grus grus	2474950
9450106	Anas poecilorhyncha J.R.Forster, 1781	9450106	Anas poecilorhyncha J.R.Forster, 1781	35	SPECIES	ACCEPTED	Animalia	1	Chordata	44	Aves	212	Anseriformes	1108	Anatidae	2986	Anas	2498056	Anas poecilorhyncha	9450106
9566659	Charadrius hiaticula Linnaeus, 1758	9566659	Charadrius hiaticula Linnaeus, 1758	359	SPECIES	ACCEPTED	Animalia	1	Chordata	44	Aves	212	Charadriiformes	7192402	Charadriidae	2480210	Charadrius	2480277	Charadrius hiaticula	9566659
2481725	Tringa erythropus (Pallas, 1764)	2481725	Tringa erythropus (Pallas, 1764)	463	SPECIES	ACCEPTED	Animalia	1	Chordata	44	Aves	212	Charadriiformes	7192402	Scolopacidae	5282	Tringa	2481709	Tringa erythropus	2481725
2498110	Anas sibilatrix Poeppig, 1829	2498110	Anas sibilatrix Poeppig, 1829	50	SPECIES	ACCEPTED	Animalia	1	Chordata	44	Aves	212	Anseriformes	1108	Anatidae	2986	Anas	2498056	Anas sibilatrix	2498110
7937336	Charadrius dubius Scopoli, 1786	7937336	Charadrius dubius Scopoli, 1786	123	SPECIES	ACCEPTED	Animalia	1	Chordata	44	Aves	212	Charadriiformes	7192402	Charadriidae	2480210	Charadrius	2480277	Charadrius dubius	7937336
2480830	Bubulcus ibis (Linnaeus, 1758)	2480830	Bubulcus ibis (Linnaeus, 1758)	79	SPECIES	ACCEPTED	Animalia	1	Chordata	44	Aves	212	Pelecaniformes	7190953	Ardeidae	3685	Bubulcus	2480829	Bubulcus ibis	2480830
2481172	Larus marinus Linnaeus, 1758	2481172	Larus marinus Linnaeus, 1758	2114	SPECIES	ACCEPTED	Animalia	1	Chordata	44	Aves	212	Charadriiformes	7192402	Laridae	9316	Larus	2481126	Larus marinus	2481172
2498056	Anas Linnaeus, 1758	2498056	Anas Linnaeus, 1758	4	GENUS	ACCEPTED	Animalia	1	Chordata	44	Aves	212	Anseriformes	1108	Anatidae	2986	Anas	2498056		
9454939	Rissa tridactyla Linnaeus, 1758	9454939	Rissa tridactyla Linnaeus, 1758	9	SPECIES	ACCEPTED	Animalia	1	Chordata	44	Aves	212	Charadriiformes	7192402	Laridae	9316	Rissa	2481203	Rissa tridactyla	9454939
2498151	Anas strepera Linnaeus, 1758	2498151	Anas strepera Linnaeus, 1758	31579	SPECIES	ACCEPTED	Animalia	1	Chordata	44	Aves	212	Anseriformes	1108	Anatidae	2986	Anas	2498056	Anas strepera	2498151
2481137	Larus ridibundus Linnaeus, 1766	2481137	Larus ridibundus Linnaeus, 1766	28351	SPECIES	ACCEPTED	Animalia	1	Chordata	44	Aves	212	Charadriiformes	7192402	Laridae	9316	Larus	2481126	Larus ridibundus	2481137
2481744	Calidris melanotos (Vieillot, 1819)	2481744	Calidris melanotos (Vieillot, 1819)	2	SPECIES	ACCEPTED	Animalia	1	Chordata	44	Aves	212	Charadriiformes	7192402	Scolopacidae	5282	Calidris	2481739	Calidris melanotos	2481744
2481121	Chlidonias hybrida (Pallas, 1811)	2481121	Chlidonias hybrida (Pallas, 1811)	1	SPECIES	ACCEPTED	Animalia	1	Chordata	44	Aves	212	Charadriiformes	7192402	Laridae	9316	Chlidonias	2481118	Chlidonias hybrida	2481121
2498180	Netta rufina (Pallas, 1773)	2498180	Netta rufina (Pallas, 1773)	535	SPECIES	ACCEPTED	Animalia	1	Chordata	44	Aves	212	Anseriformes	1108	Anatidae	2986	Netta	2498176	Netta rufina	2498180
2481621	Stercorarius parasiticus (Linnaeus, 1758)	2481621	Stercorarius parasiticus (Linnaeus, 1758)	3	SPECIES	ACCEPTED	Animalia	1	Chordata	44	Aves	212	Charadriiformes	7192402	Stercorariidae	9347	Stercorarius	2481608	Stercorarius parasiticus	2481621
2481912	Ciconia ciconia (Linnaeus, 1758)	2481912	Ciconia ciconia (Linnaeus, 1758)	446	SPECIES	ACCEPTED	Animalia	1	Chordata	44	Aves	212	Ciconiiformes	839	Ciconiidae	9289	Ciconia	2481908	Ciconia ciconia	2481912
2498261	Aythya fuligula (Linnaeus, 1758)	2498261	Aythya fuligula (Linnaeus, 1758)	30565	SPECIES	ACCEPTED	Animalia	1	Chordata	44	Aves	212	Anseriformes	1108	Anatidae	2986	Aythya	2498254	Aythya fuligula	2498261
5232446	Branta bernicla (Linnaeus, 1758)	5232446	Branta bernicla (Linnaeus, 1758)	234	SPECIES	ACCEPTED	Animalia	1	Chordata	44	Aves	212	Anseriformes	1108	Anatidae	2986	Branta	2498190	Branta bernicla	5232446
2481312	Cepphus grylle (Linnaeus, 1758)	2481312	Cepphus grylle (Linnaeus, 1758)	1	SPECIES	ACCEPTED	Animalia	1	Chordata	44	Aves	212	Charadriiformes	7192402	Alcidae	2985	Cepphus	3241982	Cepphus grylle	2481312
2481156	Larus glaucoides B.Meyer, 1822	2481156	Larus glaucoides B.Meyer, 1822	4	SPECIES	ACCEPTED	Animalia	1	Chordata	44	Aves	212	Charadriiformes	7192402	Laridae	9316	Larus	2481126	Larus glaucoides	2481156
2498326	Bucephala clangula (Linnaeus, 1758)	2498326	Bucephala clangula (Linnaeus, 1758)	3725	SPECIES	ACCEPTED	Animalia	1	Chordata	44	Aves	212	Anseriformes	1108	Anatidae	2986	Bucephala	2498324	Bucephala clangula	2498326
2498035	Anser indicus (Latham, 1790)	2498035	Anser indicus (Latham, 1790)	1225	SPECIES	ACCEPTED	Animalia	1	Chordata	44	Aves	212	Anseriformes	1108	Anatidae	2986	Anser	2498016	Anser indicus	2498035
2498247	Melanitta nigra (Linnaeus, 1758)	2498247	Melanitta nigra (Linnaeus, 1758)	187	SPECIES	ACCEPTED	Animalia	1	Chordata	44	Aves	212	Anseriformes	1108	Anatidae	2986	Melanitta	2498237	Melanitta nigra	2498247
2498388	Aix galericulata (Linnaeus, 1758)	2498388	Aix galericulata (Linnaeus, 1758)	1539	SPECIES	ACCEPTED	Animalia	1	Chordata	44	Aves	212	Anseriformes	1108	Anatidae	2986	Aix	2498386	Aix galericulata	2498388
9537647	Mergus merganser Linnaeus, 1758	9537647	Mergus merganser Linnaeus, 1758	2510	SPECIES	ACCEPTED	Animalia	1	Chordata	44	Aves	212	Anseriformes	1108	Anatidae	2986	Mergus	2498368	Mergus merganser	9537647
2498094	Anas capensis Gmelin, 1789	2498094	Anas capensis Gmelin, 1789	2	SPECIES	ACCEPTED	Animalia	1	Chordata	44	Aves	212	Anseriformes	1108	Anatidae	2986	Anas	2498056	Anas capensis	2498094
2480934	Ardea purpurea Linnaeus, 1766	2480934	Ardea purpurea Linnaeus, 1766	11	SPECIES	ACCEPTED	Animalia	1	Chordata	44	Aves	212	Pelecaniformes	7190953	Ardeidae	3685	Ardea	2480922	Ardea purpurea	2480934
2498347	Cygnus cygnus (Linnaeus, 1758)	2498347	Cygnus cygnus (Linnaeus, 1758)	213	SPECIES	ACCEPTED	Animalia	1	Chordata	44	Aves	212	Anseriformes	1108	Anatidae	2986	Cygnus	2498334	Cygnus cygnus	2498347
2498096	Anas falcata Georgi, 1775	2498096	Anas falcata Georgi, 1775	2	SPECIES	ACCEPTED	Animalia	1	Chordata	44	Aves	212	Anseriformes	1108	Anatidae	2986	Anas	2498056	Anas falcata	2498096
7982160	Larus canus Linnaeus, 1758	7982160	Larus canus Linnaeus, 1758	12837	SPECIES	ACCEPTED	Animalia	1	Chordata	44	Aves	212	Charadriiformes	7192402	Laridae	9316	Larus	2481126	Larus canus	7982160
2481104	Phoeniconaias minor (É.Geoffroy Saint-Hilaire, 1798)	2481104	Phoeniconaias minor (É.Geoffroy Saint-Hilaire, 1798)	1	SPECIES	ACCEPTED	Animalia	1	Chordata	44	Aves	212	Phoenicopteriformes	7191426	Phoenicopteridae	5269	Phoeniconaias	2481100	Phoeniconaias minor	2481104
2481819	Gallinago gallinago (Linnaeus, 1758)	2481819	Gallinago gallinago (Linnaeus, 1758)	4672	SPECIES	ACCEPTED	Animalia	1	Chordata	44	Aves	212	Charadriiformes	7192402	Scolopacidae	5282	Gallinago	2481808	Gallinago gallinago	2481819
9797180	Ardea cinerea Linnaeus, 1758	9797180	Ardea cinerea Linnaeus, 1758	37315	SPECIES	ACCEPTED	Animalia	1	Chordata	44	Aves	212	Pelecaniformes	7190953	Ardeidae	3685	Ardea	2480922	Ardea cinerea	9797180
2498402	Dendrocygna bicolor (Vieillot, 1816)	2498402	Dendrocygna bicolor (Vieillot, 1816)	8	SPECIES	ACCEPTED	Animalia	1	Chordata	44	Aves	212	Anseriformes	1108	Anatidae	2986	Dendrocygna	2498392	Dendrocygna bicolor	2498402
9626137	Cygnus columbianus Ord, 1815	9626137	Cygnus columbianus Ord, 1815	614	SPECIES	ACCEPTED	Animalia	1	Chordata	44	Aves	212	Anseriformes	1108	Anatidae	2986	Cygnus	2498334	Cygnus columbianus	9626137
2498026	Anser erythropus (Linnaeus, 1758)	2498026	Anser erythropus (Linnaeus, 1758)	37	SPECIES	ACCEPTED	Animalia	1	Chordata	44	Aves	212	Anseriformes	1108	Anatidae	2986	Anser	2498016	Anser erythropus	2498026
2498259	Aythya nyroca (Güldenstädt, 1770)	2498259	Aythya nyroca (Güldenstädt, 1770)	305	SPECIES	ACCEPTED	Animalia	1	Chordata	44	Aves	212	Anseriformes	1108	Anatidae	2986	Aythya	2498254	Aythya nyroca	2498259
9614738	Porzana porzana Linnaeus, 1758	9614738	Porzana porzana Linnaeus, 1758	3	SPECIES	ACCEPTED	Animalia	1	Chordata	44	Aves	212	Gruiformes	1493	Rallidae	9342	Porzana	2474604	Porzana porzana	9614738
2480773	Plegadis falcinellus (Linnaeus, 1766)	2480773	Plegadis falcinellus (Linnaeus, 1766)	8	SPECIES	ACCEPTED	Animalia	1	Chordata	44	Aves	212	Pelecaniformes	7190953	Threskiornithidae	5288	Plegadis	8171676	Plegadis falcinellus	2480773
2498009	Tadorna tadorna (Linnaeus, 1758)	2498009	Tadorna tadorna (Linnaeus, 1758)	25484	SPECIES	ACCEPTED	Animalia	1	Chordata	44	Aves	212	Anseriformes	1108	Anatidae	2986	Tadorna	7485221	Tadorna tadorna	2498009
2498264	Aythya collaris (Donovan, 1809)	2498264	Aythya collaris (Donovan, 1809)	73	SPECIES	ACCEPTED	Animalia	1	Chordata	44	Aves	212	Anseriformes	1108	Anatidae	2986	Aythya	2498254	Aythya collaris	2498264
7191106	Anser fabalis fabalis	7191106	Anser fabalis fabalis	16	SUBSPECIES	ACCEPTED	Animalia	1	Chordata	44	Aves	212	Anseriformes	1108	Anatidae	2986	Anser	2498016	Anser fabalis	2498027
2481765	Calidris canutus (Linnaeus, 1758)	2481765	Calidris canutus (Linnaeus, 1758)	101	SPECIES	ACCEPTED	Animalia	1	Chordata	44	Aves	212	Charadriiformes	7192402	Scolopacidae	5282	Calidris	2481739	Calidris canutus	2481765
2498256	Aythya valisineria (A.Wilson, 1814)	2498256	Aythya valisineria (A.Wilson, 1814)	3	SPECIES	ACCEPTED	Animalia	1	Chordata	44	Aves	212	Anseriformes	1108	Anatidae	2986	Aythya	2498254	Aythya valisineria	2498256
5229205	Eudocimus albus (Linnaeus, 1758)	5229205	Eudocimus albus (Linnaeus, 1758)	2	SPECIES	ACCEPTED	Animalia	1	Chordata	44	Aves	212	Pelecaniformes	7190953	Threskiornithidae	5288	Eudocimus	2480791	Eudocimus albus	5229205
5229215	Sterna albifrons Pallas, 1764	5789279	Sternula albifrons (Pallas, 1764)	1	SPECIES	SYNONYM	Animalia	1	Chordata	44	Aves	212	Charadriiformes	7192402	Laridae	9316	Sternula	4849628	Sternula albifrons	5789279
2481714	Tringa totanus (Linnaeus, 1758)	2481714	Tringa totanus (Linnaeus, 1758)	2377	SPECIES	ACCEPTED	Animalia	1	Chordata	44	Aves	212	Charadriiformes	7192402	Scolopacidae	5282	Tringa	2481709	Tringa totanus	2481714
9581438	Anas rubripes Brewster, 1902	9581438	Anas rubripes Brewster, 1902	2	SPECIES	ACCEPTED	Animalia	1	Chordata	44	Aves	212	Anseriformes	1108	Anatidae	2986	Anas	2498056	Anas rubripes	9581438
2481713	Tringa glareola Linnaeus, 1758	2481713	Tringa glareola Linnaeus, 1758	9	SPECIES	ACCEPTED	Animalia	1	Chordata	44	Aves	212	Charadriiformes	7192402	Scolopacidae	5282	Tringa	2481709	Tringa glareola	2481713
2481181	Larus cachinnans Pallas, 1811	2481181	Larus cachinnans Pallas, 1811	270	SPECIES	ACCEPTED	Animalia	1	Chordata	44	Aves	212	Charadriiformes	7192402	Laridae	9316	Larus	2481126	Larus cachinnans	2481181
2498255	Aythya ferina (Linnaeus, 1758)	2498255	Aythya ferina (Linnaeus, 1758)	19522	SPECIES	ACCEPTED	Animalia	1	Chordata	44	Aves	212	Anseriformes	1108	Anatidae	2986	Aythya	2498254	Aythya ferina	2498255
2480350	Pelecanus onocrotalus Linnaeus, 1758	2480350	Pelecanus onocrotalus Linnaeus, 1758	2	SPECIES	ACCEPTED	Animalia	1	Chordata	44	Aves	212	Pelecaniformes	7190953	Pelecanidae	9329	Pelecanus	2480348	Pelecanus onocrotalus	2480350
6177940	Limosa limosa islandica C.L.Brehm, 1831	6177940	Limosa limosa islandica C.L.Brehm, 1831	5	SUBSPECIES	ACCEPTED	Animalia	1	Chordata	44	Aves	212	Charadriiformes	7192402	Scolopacidae	5282	Limosa	2481679	Limosa limosa	2481685
2481609	Stercorarius pomarinus (Temminck, 1815)	2481609	Stercorarius pomarinus (Temminck, 1815)	1	SPECIES	ACCEPTED	Animalia	1	Chordata	44	Aves	212	Charadriiformes	7192402	Stercorariidae	9347	Stercorarius	2481608	Stercorarius pomarinus	2481609
2498257	Aythya affinis (Eyton, 1838)	2498257	Aythya affinis (Eyton, 1838)	1	SPECIES	ACCEPTED	Animalia	1	Chordata	44	Aves	212	Anseriformes	1108	Anatidae	2986	Aythya	2498254	Aythya affinis	2498257
2481143	Larus minutus Pallas, 1776	2481143	Larus minutus Pallas, 1776	31	SPECIES	ACCEPTED	Animalia	1	Chordata	44	Aves	212	Charadriiformes	7192402	Laridae	9316	Larus	2481126	Larus minutus	2481143
5232447	Branta bernicla hrota (O.F.Müller, 1776)	5232447	Branta bernicla hrota (O.F.Müller, 1776)	4	SUBSPECIES	ACCEPTED	Animalia	1	Chordata	44	Aves	212	Anseriformes	1108	Anatidae	2986	Branta	2498190	Branta bernicla	5232446
5232451	Branta ruficollis Pallas, 1769	5232451	Branta ruficollis Pallas, 1769	62	SPECIES	ACCEPTED	Animalia	1	Chordata	44	Aves	212	Anseriformes	1108	Anatidae	2986	Branta	2498190	Branta ruficollis	5232451
2481726	Tringa nebularia (Gunnerus, 1767)	2481726	Tringa nebularia (Gunnerus, 1767)	211	SPECIES	ACCEPTED	Animalia	1	Chordata	44	Aves	212	Charadriiformes	7192402	Scolopacidae	5282	Tringa	2481709	Tringa nebularia	2481726
2474377	Fulica atra Linnaeus, 1758	2474377	Fulica atra Linnaeus, 1758	58220	SPECIES	ACCEPTED	Animalia	1	Chordata	44	Aves	212	Gruiformes	1493	Rallidae	9342	Fulica	2474376	Fulica atra	2474377
2481119	Chlidonias niger (Linnaeus, 1758)	2481119	Chlidonias niger (Linnaeus, 1758)	28	SPECIES	ACCEPTED	Animalia	1	Chordata	44	Aves	212	Charadriiformes	7192402	Laridae	9316	Chlidonias	2481118	Chlidonias niger	2481119
9751099	Cairina moschata (Linnaeus, 1758)	9751099	Cairina moschata (Linnaeus, 1758)	900	SPECIES	ACCEPTED	Animalia	1	Chordata	44	Aves	212	Anseriformes	1108	Anatidae	2986	Cairina	2498282	Cairina moschata	9751099
2480259	Recurvirostra avosetta Linnaeus, 1758	2480259	Recurvirostra avosetta Linnaeus, 1758	1728	SPECIES	ACCEPTED	Animalia	1	Chordata	44	Aves	212	Charadriiformes	7192402	Recurvirostridae	4287244	Recurvirostra	2480255	Recurvirostra avosetta	2480259
2482059	Podiceps auritus (Linnaeus, 1758)	2482059	Podiceps auritus (Linnaeus, 1758)	199	SPECIES	ACCEPTED	Animalia	1	Chordata	44	Aves	212	Podicipediformes	7191588	Podicipedidae	9338	Podiceps	2482049	Podiceps auritus	2482059
2481776	Arenaria interpres (Linnaeus, 1758)	2481776	Arenaria interpres (Linnaeus, 1758)	427	SPECIES	ACCEPTED	Animalia	1	Chordata	44	Aves	212	Charadriiformes	7192402	Scolopacidae	5282	Arenaria	2481774	Arenaria interpres	2481776
5228199	Gallinula chloropus (Linnaeus, 1758)	5228199	Gallinula chloropus (Linnaeus, 1758)	41328	SPECIES	ACCEPTED	Animalia	1	Chordata	44	Aves	212	Gruiformes	1493	Rallidae	9342	Gallinula	7918617	Gallinula chloropus	5228199
2481618	Stercorarius skua (Brunnich, 1764)	2481618	Stercorarius skua (Brunnich, 1764)	2	SPECIES	ACCEPTED	Animalia	1	Chordata	44	Aves	212	Charadriiformes	7192402	Stercorariidae	9347	Stercorarius	2481608	Stercorarius skua	2481618
2498163	Anser canagicus (Sevastianov, 1802)	2498162	Chen canagica (Sevastianov, 1802)	24	SPECIES	SYNONYM	Animalia	1	Chordata	44	Aves	212	Anseriformes	1108	Anatidae	2986	Chen	2498159	Chen canagica	2498162
2480801	Platalea leucorodia Linnaeus, 1758	2480801	Platalea leucorodia Linnaeus, 1758	274	SPECIES	ACCEPTED	Animalia	1	Chordata	44	Aves	212	Pelecaniformes	7190953	Threskiornithidae	5288	Platalea	2480798	Platalea leucorodia	2480801
2498083	Anas querquedula Linnaeus, 1758	2498083	Anas querquedula Linnaeus, 1758	426	SPECIES	ACCEPTED	Animalia	1	Chordata	44	Aves	212	Anseriformes	1108	Anatidae	2986	Anas	2498056	Anas querquedula	2498083
2498024	Anser brachyrhynchus Baillon, 1834	2498024	Anser brachyrhynchus Baillon, 1834	392	SPECIES	ACCEPTED	Animalia	1	Chordata	44	Aves	212	Anseriformes	1108	Anatidae	2986	Anser	2498016	Anser brachyrhynchus	2498024
2482051	Podiceps grisegena (Boddaert, 1783)	2482051	Podiceps grisegena (Boddaert, 1783)	373	SPECIES	ACCEPTED	Animalia	1	Chordata	44	Aves	212	Podicipediformes	7191588	Podicipedidae	9338	Podiceps	2482049	Podiceps grisegena	2482051
2481194	Larus melanocephalus Temminck, 1820	8151548	Ichthyaetus melanocephalus (Temminck, 1820)	635	SPECIES	SYNONYM	Animalia	1	Chordata	44	Aves	212	Charadriiformes	7192402	Laridae	9316	Ichthyaetus	7237184	Ichthyaetus melanocephalus	8151548
5229138	Vanellus gregarius (Pallas, 1771)	5229138	Vanellus gregarius (Pallas, 1771)	1	SPECIES	ACCEPTED	Animalia	1	Chordata	44	Aves	212	Charadriiformes	7192402	Charadriidae	2480210	Vanellus	3242344	Vanellus gregarius	5229138
2498161	Anser rossii Cassin, 1861	2498160	Chen rossii (Cassin, 1861)	34	SPECIES	SYNONYM	Animalia	1	Chordata	44	Aves	212	Anseriformes	1108	Anatidae	2986	Chen	2498159	Chen rossii	2498160
9367409	Sterna hirundo Linnaeus, 1758	9367409	Sterna hirundo Linnaeus, 1758	830	SPECIES	ACCEPTED	Animalia	1	Chordata	44	Aves	212	Charadriiformes	7192402	Laridae	9316	Sterna	2481227	Sterna hirundo	9367409
2498089	Anas clypeata Linnaeus, 1758	2498089	Anas clypeata Linnaeus, 1758	15524	SPECIES	ACCEPTED	Animalia	1	Chordata	44	Aves	212	Anseriformes	1108	Anatidae	2986	Anas	2498056	Anas clypeata	2498089
6178319	Anser fabalis rossicus Buturlin, 1933	6178319	Anser fabalis rossicus Buturlin, 1933	738	SUBSPECIES	ACCEPTED	Animalia	1	Chordata	44	Aves	212	Anseriformes	1108	Anatidae	2986	Anser	2498016	Anser fabalis	2498027
2498065	Anas flavirostris Vieillot, 1816	2498065	Anas flavirostris Vieillot, 1816	5	SPECIES	ACCEPTED	Animalia	1	Chordata	44	Aves	212	Anseriformes	1108	Anatidae	2986	Anas	2498056	Anas flavirostris	2498065
2480242	Vanellus vanellus (Linnaeus, 1758)	2480242	Vanellus vanellus (Linnaeus, 1758)	16941	SPECIES	ACCEPTED	Animalia	1	Chordata	44	Aves	212	Charadriiformes	7192402	Charadriidae	2480210	Vanellus	3242344	Vanellus vanellus	2480242
2498114	Anas versicolor Vieillot, 1816	2498114	Anas versicolor Vieillot, 1816	14	SPECIES	ACCEPTED	Animalia	1	Chordata	44	Aves	212	Anseriformes	1108	Anatidae	2986	Anas	2498056	Anas versicolor	2498114
2498368	Mergus Linnaeus, 1758	2498368	Mergus Linnaeus, 1758	5	GENUS	ACCEPTED	Animalia	1	Chordata	44	Aves	212	Anseriformes	1108	Anatidae	2986	Mergus	2498368		
2498238	Melanitta fusca Linnaeus, 1758	2498238	Melanitta fusca Linnaeus, 1758	96	SPECIES	ACCEPTED	Animalia	1	Chordata	44	Aves	212	Anseriformes	1108	Anatidae	2986	Melanitta	2498237	Melanitta fusca	2498238
